n_samples,n_features,Replicate,GPU_Runtime_sec,GPU_ARI,GPU_NMI
10000,50,1,0.008035898208618164,0.9514844787611217,0.9661129070500152
10000,50,2,0.007793903350830078,0.9516161122511277,0.9661761608958384
10000,50,3,0.007062435150146484,0.7384621210791822,0.8739556098279178
10000,50,4,0.007771730422973633,0.9497574020294138,0.9652895311203121
10000,50,5,0.007842302322387695,0.9550718610896884,0.9678630759567987
10000,50,6,0.0077855587005615234,0.9528920016442726,0.9667930108982755
10000,50,7,0.00787663459777832,0.9509630433918099,0.9658630415148615
10000,50,8,0.007861137390136719,0.9496952274183953,0.9652601128618925
10000,50,9,0.007803916931152344,0.7358099724351336,0.8726454573692248
10000,50,10,0.00786590576171875,0.9509630433918099,0.9658630415148615
10000,50,11,0.007913827896118164,0.9517482551228371,0.9662397315857945
10000,50,12,0.007086753845214844,0.9540019376410225,0.9673352647899842
10000,50,13,0.007765054702758789,0.9510277763745885,0.9658940002998847
10000,50,14,0.00703883171081543,0.9522147630788881,0.9664647378674986
10000,50,15,0.007862567901611328,0.7322167922277774,0.8709185139199895
10000,50,16,0.007780790328979492,0.9495094730182367,0.9651723131716774
10000,50,17,0.007812023162841797,0.950898438051462,0.9658321607918801
10000,50,18,0.007876873016357422,0.9538614252967476,0.9672663229421731
10000,50,19,0.007923603057861328,0.9532353765843874,0.9669601974950153
10000,50,20,0.0077953338623046875,0.9529604232241646,0.9668262846091006
10000,50,21,0.007749319076538086,0.9507696104155974,0.9657706330844914
10000,50,22,0.00701904296875,0.9542844772344278,0.9674741537716932
10000,50,23,0.007367849349975586,0.9516161122511277,0.9661761608958384
10000,50,24,0.007335662841796875,0.9524166017692474,0.9665623710731819
10000,50,25,0.008388757705688477,0.7334690413989003,0.8715143331152825
10000,50,26,0.007268428802490234,0.7830449678181193,0.8863798567419234
10000,50,27,0.006406545639038086,0.9498197048320404,0.9653190253971445
10000,50,28,0.0071239471435546875,0.952619583296137,0.9666607302353094
10000,50,29,0.007193803787231445,0.9511576251495687,0.9659561525066881
10000,50,30,0.00723719596862793,0.9505773270132145,0.9656789242048645
10000,50,31,0.007206439971923828,0.7314128304985185,0.870539278042047
10000,50,32,0.006415367126464844,0.9505773270132145,0.9656789242048645
10000,50,33,0.007154226303100586,0.950513488142903,0.9656485095195764
10000,50,34,0.006369590759277344,0.9509630433918099,0.9658630415148615
10000,50,35,0.007249355316162109,0.9528920016442726,0.9667930108982755
10000,50,36,0.007259368896484375,0.9522819156095128,0.9664972018142273
10000,50,37,0.006378173828125,0.9520140680496643,0.9663678272858832
10000,50,38,0.006377458572387695,0.9514188531090846,0.9660813986507957
10000,50,39,0.007237672805786133,0.7303072973032586,0.8700218890334936
10000,50,40,0.0072040557861328125,0.9501962120768579,0.9654975932588126
10000,50,41,0.00714111328125,0.950099866164512,0.9650504884180254
10000,50,42,0.00640559196472168,0.9507696104155974,0.9657706330844914
10000,50,43,0.006432056427001953,0.9503227387303901,0.9655577287615335
10000,50,44,0.00723719596862793,0.9526874976256192,0.9666936785290683
10000,50,45,0.007208108901977539,0.784255786510164,0.8863312981584563
10000,50,46,0.0071010589599609375,0.9542136530527722,0.967439305516918
10000,50,47,0.006406068801879883,0.9503227387303901,0.9655577287615335
10000,50,48,0.0066182613372802734,0.9485980372381132,0.9647434683946314
10000,50,49,0.007260322570800781,0.9503861939725037,0.9655879119061654
10000,50,50,0.007235050201416016,0.9489591412964242,0.9649129862443176
10000,50,51,0.006487846374511719,0.9541429550386699,0.9674045413617794
10000,50,52,0.0071489810943603516,0.950513488142903,0.9656485095195764
10000,50,53,0.007202863693237305,0.9533736130524618,0.9670276465894896
10000,50,54,0.006360292434692383,0.9516161122511277,0.9661761608958384
10000,50,55,0.0072824954986572266,0.9468621423092535,0.9639355211237882
10000,50,56,0.006457090377807617,0.9522819156095128,0.9664972018142273
10000,50,57,0.007199764251708984,0.9560959915840308,0.9683731171508954
10000,50,58,0.007166624069213867,0.9495712628845374,0.965201503989658
10000,50,59,0.006393909454345703,0.9520140680496643,0.9663678272858832
10000,50,60,0.0071866512298583984,0.9515502318184328,0.9661444944261168
10000,50,61,0.006337404251098633,0.9522147630788881,0.9664647378674986
10000,50,62,0.007226228713989258,0.9483598752485232,0.964631940621468
10000,50,63,0.007215976715087891,0.9518809071360418,0.9663036200646331
10000,50,64,0.007877826690673828,0.783077229741888,0.8863769158157956
10000,50,65,0.0076334476470947266,0.7366058992420015,0.8730353640975886
10000,50,66,0.006378650665283203,0.9522819156095128,0.9664972018142273
10000,50,67,0.006357431411743164,0.9540019376410225,0.9673352647899842
10000,50,68,0.006384372711181641,0.9529604232241646,0.9668262846091006
10000,50,69,0.007287740707397461,0.9514188531090846,0.9660813986507957
10000,50,70,0.007172584533691406,0.7372145955237636,0.8733354283363484
10000,50,71,0.007308244705200195,0.9490805380567725,0.9649700889065949
10000,50,72,0.006417751312255859,0.9552166581925648,0.9679348992297259
10000,50,73,0.006362199783325195,0.9514844787611217,0.9661129070500152
10000,50,74,0.006641387939453125,0.9521189201363425,0.966024217210907
10000,50,75,0.0066716670989990234,0.9506412937015263,0.9657094162877026
10000,50,76,0.007340431213378906,0.9515502318184328,0.9661444944261168
10000,50,77,0.0071947574615478516,0.9500073821052132,0.965407965372816
10000,50,78,0.0064029693603515625,0.9544977064640447,0.9675792045467932
10000,50,79,0.007159233093261719,0.7828542677140939,0.8863994542884198
10000,50,80,0.007202863693237305,0.9512879841401198,0.9660186183187291
10000,50,81,0.007176637649536133,0.9531664482505001,0.9669265963072209
10000,50,82,0.007297515869140625,0.7836120543905155,0.8863423800498238
10000,50,83,0.006433725357055664,0.9567673372244148,0.9687100820267217
10000,50,84,0.007157087326049805,0.9485980372381132,0.9647434683946314
10000,50,85,0.0071299076080322266,0.9522147630788881,0.9664647378674986
10000,50,86,0.007176399230957031,0.734586478560431,0.8720514061332996
10000,50,87,0.0063800811767578125,0.9510926369703441,0.9659250372594789
10000,50,88,0.0064389705657958984,0.950513488142903,0.9656485095195764
10000,50,89,0.007222652435302734,0.9480650716297729,0.9644941899848477
10000,50,90,0.006416797637939453,0.9515502318184328,0.9661444944261168
10000,50,91,0.0064198970794677734,0.7384621210791822,0.8739556098279178
10000,50,92,0.007155656814575195,0.951850781636853,0.9658946603153967
10000,50,93,0.007129192352294922,0.9493248733599174,0.9650851939748704
10000,50,94,0.007135868072509766,0.9507696104155974,0.9657706330844914
10000,50,95,0.007282257080078125,0.9504497771196612,0.9656181721228434
10000,50,96,0.007197856903076172,0.9528237068305786,0.9667598187333177
10000,50,97,0.0063648223876953125,0.9514844787611217,0.9661129070500152
10000,50,98,0.0071659088134765625,0.950259411422225,0.9655276225814273
10000,50,99,0.0071942806243896484,0.9535819167851075,0.9671294390151403
10000,50,100,0.006564617156982422,0.9465289284326298,0.96378172610191
1000,50,1,0.0016765594482421875,0.9781359900218644,0.9808660750333184
1000,50,2,0.001218557357788086,0.9588448545769136,0.9698457962767133
1000,50,3,0.0011382102966308594,0.9781359900218644,0.9808660750333184
1000,50,4,0.0011403560638427734,0.9753745974533902,0.9752977122118819
1000,50,5,0.0011355876922607422,0.9580603186274919,0.9694454045877827
1000,50,6,0.0011839866638183594,0.9557817335249243,0.9682992081953505
1000,50,7,0.0011365413665771484,0.948442468316835,0.957158457518279
1000,50,8,0.0011341571807861328,0.9600499172851303,0.9663235614622427
1000,50,9,0.0013756752014160156,0.9580603186274919,0.9694454045877827
1000,50,10,0.0011603832244873047,0.9598919734265015,0.9658750304824755
1000,50,11,0.0011568069458007812,0.9629403694414075,0.9663556665237156
1000,50,12,0.0011448860168457031,0.9568656463450864,0.9633171524536432
1000,50,13,0.0011415481567382812,0.9682879760298515,0.974925539103869
1000,50,14,0.0011572837829589844,1.0,1.0
1000,50,15,0.001127004623413086,0.9578624223839168,0.964132980961866
1000,50,16,0.0011293888092041016,0.9778191452308369,0.9784350718312207
1000,50,17,0.0011129379272460938,0.9764531333710885,0.976080839964442
1000,50,18,0.0011131763458251953,0.975057878887486,0.9789235714799351
1000,50,19,0.0011143684387207031,0.9974962343264018,0.9960866319013288
1000,50,20,0.0011110305786132812,0.9868508126035241,0.9869395058396139
1000,50,21,0.0011141300201416016,0.9879911247825958,0.9878158392937489
1000,50,22,0.0011093616485595703,0.9770983033233059,0.9802013627817721
1000,50,23,0.0011022090911865234,0.9598919734265015,0.9658750304824755
1000,50,24,0.0011458396911621094,0.9781359900218644,0.9808660750333184
1000,50,25,0.001134634017944336,0.9580603186274919,0.9694454045877827
1000,50,26,0.001119375228881836,0.9868508126035241,0.9869395058396139
1000,50,27,0.0011212825775146484,0.9592994228150187,0.9643221737676564
1000,50,28,0.0011017322540283203,0.9740552304315017,0.9783090268131811
1000,50,29,0.0011286735534667969,0.9712674404806,0.9727481408178795
1000,50,30,0.001104593276977539,1.0,1.0
1000,50,31,0.0011386871337890625,0.9846038742652109,0.9852763546203683
1000,50,32,0.0011169910430908203,1.0,1.0
1000,50,33,0.0011339187622070312,0.9974962343264018,0.9960866319013287
1000,50,34,0.0011668205261230469,1.0,1.0
1000,50,35,0.0011467933654785156,0.9640545077166143,0.9673842472620462
1000,50,36,0.0011255741119384766,0.9720852810033811,0.9771254479743021
1000,50,37,0.0011165142059326172,0.9781359900218644,0.9808660750333184
1000,50,38,0.0011014938354492188,0.9614669534210898,0.9687067279407011
1000,50,39,0.0011181831359863281,0.7401348990489137,0.86907059999583
1000,50,40,0.0011703968048095703,0.9664612921895631,0.9739021116383112
1000,50,41,0.0011057853698730469,1.0,1.0
1000,50,42,0.0011124610900878906,0.9846038742652109,0.9852763546203683
1000,50,43,0.0011167526245117188,0.9472275885466099,0.9641975739091142
1000,50,44,0.0011479854583740234,0.9775560742907627,0.9769532604778925
1000,50,45,0.0011224746704101562,0.9609575260124269,0.9649624159058994
1000,50,46,0.0011188983917236328,0.9579619736061377,0.9613745613744054
1000,50,47,0.001130819320678711,1.0,1.0
1000,50,48,0.0011701583862304688,0.9536163993218697,0.9672319771945133
1000,50,49,0.0011489391326904297,1.0,1.0
1000,50,50,0.001123666763305664,0.9879911247825958,0.9878158392937489
1000,50,51,0.0011126995086669922,0.9576908751248201,0.9654618012539902
1000,50,52,0.0011076927185058594,0.9557502918641103,0.9657228239627864
1000,50,53,0.0010981559753417969,0.9517047596633856,0.9589691022931329
1000,50,54,0.001107931137084961,0.9701237342446124,0.9716117235395522
1000,50,55,0.0011093616485595703,0.9791852661436167,0.981549103159618
1000,50,56,0.001111745834350586,0.976072251326855,0.9795541175432059
1000,50,57,0.0011098384857177734,0.9834973447139872,0.9844850338544984
1000,50,58,0.001119852066040039,0.9580075507894835,0.9645022410773675
1000,50,59,0.0011718273162841797,0.9572882632788067,0.9690542943638432
1000,50,60,0.0011706352233886719,0.9664612921895631,0.9739021116383112
1000,50,61,0.0011129379272460938,0.9781359900218644,0.9808660750333184
1000,50,62,0.0011174678802490234,1.0,1.0
1000,50,63,0.0011227130889892578,0.976072251326855,0.9795541175432059
1000,50,64,0.0011792182922363281,0.9496289837101997,0.9653190253971446
1000,50,65,0.0011105537414550781,0.9770983033233059,0.9802013627817721
1000,50,66,0.0011875629425048828,0.950906980069539,0.9659250372594788
1000,50,67,0.0011165142059326172,0.9974962343264018,0.9960866319013286
1000,50,68,0.0011174678802490234,0.9846038742652109,0.9852763546203683
1000,50,69,0.001107931137084961,0.9550473273883723,0.9679348992297259
1000,50,70,0.0011124610900878906,0.9496289837101997,0.9653190253971446
1000,50,71,0.0011534690856933594,0.9701627497017461,0.9759988908802739
1000,50,72,0.0011551380157470703,1.0,1.0
1000,50,73,0.0011510848999023438,0.9791852661436167,0.981549103159618
1000,50,74,0.0011327266693115234,0.9846038742652109,0.9852763546203683
1000,50,75,0.0011360645294189453,1.0,1.0
1000,50,76,0.0011692047119140625,0.9572882632788067,0.9690542943638432
1000,50,77,0.0011677742004394531,0.9638121432001842,0.9724544468783819
1000,50,78,0.0011115074157714844,0.9974962343264018,0.9960866319013288
1000,50,79,0.0012357234954833984,0.9629534854488616,0.971993991823368
1000,50,80,0.0011103153228759766,1.0,1.0
1000,50,81,0.0011129379272460938,0.9720852810033811,0.9771254479743021
1000,50,82,0.0011186599731445312,1.0,1.0
1000,50,83,0.0011262893676757812,0.9764789496542156,0.9762000500766054
1000,50,84,0.0011107921600341797,0.9529199424882988,0.9668930771839187
1000,50,85,0.0011060237884521484,0.976072251326855,0.9795541175432059
1000,50,86,0.0011105537414550781,0.9868508126035241,0.9869395058396139
1000,50,87,0.0011162757873535156,0.9740552304315017,0.9783090268131811
1000,50,88,0.00112152099609375,0.9529199424882988,0.9668930771839187
1000,50,89,0.0011124610900878906,0.9781359900218644,0.9808660750333184
1000,50,90,0.0011134147644042969,0.9580998923616186,0.9630867522146674
1000,50,91,0.0011239051818847656,0.9879911247825958,0.9878158392937489
1000,50,92,0.0011358261108398438,0.98572171293222,0.9860938237872348
1000,50,93,0.0011196136474609375,0.9813184034499608,0.9829739911150976
1000,50,94,0.0011665821075439453,0.9868508126035241,0.9869395058396139
1000,50,95,0.0011382102966308594,0.9515652019328669,0.9662397315857946
1000,50,96,0.0011227130889892578,0.9416989091360003,0.9616958711141798
1000,50,97,0.0011072158813476562,0.9879911247825958,0.9878158392937489
1000,50,98,0.0011181831359863281,0.9764531333710885,0.976080839964442
1000,50,99,0.0011188983917236328,0.9974962343264018,0.9960866319013288
1000,50,100,0.0011475086212158203,0.9813184034499608,0.9829739911150976
5000,100,1,0.003409862518310547,0.7824724772638266,0.9057460992755193
5000,100,2,0.0032134056091308594,0.7824724772638266,0.9057460992755193
5000,100,3,0.003186464309692383,0.7824724772638266,0.9057460992755193
5000,100,4,0.0032346248626708984,0.7824724772638266,0.9057460992755193
5000,100,5,0.0031909942626953125,0.7824724772638266,0.9057460992755193
5000,100,6,0.003297090530395508,0.7824724772638266,0.9057460992755193
5000,100,7,0.0037310123443603516,0.7824724772638266,0.9057460992755193
5000,100,8,0.003235340118408203,0.7824724772638266,0.9057460992755193
5000,100,9,0.003255605697631836,0.7824724772638266,0.9057460992755193
5000,100,10,0.0032656192779541016,0.7824724772638266,0.9057460992755193
5000,100,11,0.0032320022583007812,0.7824724772638266,0.9057460992755193
5000,100,12,0.003194570541381836,0.7824724772638266,0.9057460992755193
5000,100,13,0.003235340118408203,0.7824724772638266,0.9057460992755193
5000,100,14,0.0032072067260742188,0.7824724772638266,0.9057460992755193
5000,100,15,0.0032944679260253906,0.7824724772638266,0.9057460992755193
5000,100,16,0.003240346908569336,0.7818486282554663,0.9046191957880839
5000,100,17,0.003231525421142578,0.7818486282554663,0.9046191957880839
5000,100,18,0.0032231807708740234,0.7818486282554663,0.9046191957880839
5000,100,19,0.0031974315643310547,0.7824724772638266,0.9057460992755193
5000,100,20,0.0032510757446289062,0.7824724772638266,0.9057460992755193
5000,100,21,0.0031926631927490234,0.7824724772638266,0.9057460992755193
5000,100,22,0.0032820701599121094,0.7824724772638266,0.9057460992755193
5000,100,23,0.0032410621643066406,0.7824724772638266,0.9057460992755193
5000,100,24,0.0032813549041748047,0.7824724772638266,0.9057460992755193
5000,100,25,0.003208160400390625,0.7824724772638266,0.9057460992755193
5000,100,26,0.003242015838623047,0.7824724772638266,0.9057460992755193
5000,100,27,0.0032656192779541016,0.7824724772638266,0.9057460992755193
5000,100,28,0.0033538341522216797,0.7824724772638266,0.9057460992755193
5000,100,29,0.003364086151123047,0.7824724772638266,0.9057460992755193
5000,100,30,0.0034780502319335938,0.7818486282554663,0.9046191957880839
5000,100,31,0.003289461135864258,0.7824724772638266,0.9057460992755193
5000,100,32,0.0032196044921875,0.7818486282554663,0.9046191957880839
5000,100,33,0.0032355785369873047,0.7824724772638266,0.9057460992755193
5000,100,34,0.0032045841217041016,0.7824724772638266,0.9057460992755193
5000,100,35,0.0032138824462890625,0.7824724772638266,0.9057460992755193
5000,100,36,0.003447294235229492,0.7818486282554663,0.9046191957880839
5000,100,37,0.0032749176025390625,0.7824724772638266,0.9057460992755193
5000,100,38,0.003221750259399414,0.7824724772638266,0.9057460992755193
5000,100,39,0.003283262252807617,0.7824724772638266,0.9057460992755193
5000,100,40,0.003248453140258789,0.7824724772638266,0.9057460992755193
5000,100,41,0.0032236576080322266,0.7818486282554663,0.9046191957880838
5000,100,42,0.0033388137817382812,0.7824724772638266,0.9057460992755193
5000,100,43,0.0032091140747070312,0.7824724772638266,0.9057460992755193
5000,100,44,0.003309965133666992,0.7824724772638266,0.9057460992755193
5000,100,45,0.0032432079315185547,0.7824724772638266,0.9057460992755193
5000,100,46,0.0032472610473632812,0.7824724772638266,0.9057460992755193
5000,100,47,0.0032393932342529297,0.7824724772638266,0.9057460992755193
5000,100,48,0.003202676773071289,0.7824724772638266,0.9057460992755193
5000,100,49,0.0032067298889160156,0.7818486282554663,0.9046191957880838
5000,100,50,0.0031960010528564453,0.7824724772638266,0.9057460992755193
5000,100,51,0.003210783004760742,0.7824724772638266,0.9057460992755193
5000,100,52,0.0032625198364257812,0.7824724772638266,0.9057460992755193
5000,100,53,0.0032439231872558594,0.7824724772638266,0.9057460992755193
5000,100,54,0.0033152103424072266,0.7824724772638266,0.9057460992755193
5000,100,55,0.003263711929321289,0.7824724772638266,0.9057460992755193
5000,100,56,0.0032329559326171875,0.7824724772638266,0.9057460992755193
5000,100,57,0.0031960010528564453,0.7824724772638266,0.9057460992755193
5000,100,58,0.0031938552856445312,0.7824724772638266,0.9057460992755193
5000,100,59,0.0032851696014404297,0.7824724772638266,0.9057460992755193
5000,100,60,0.003300189971923828,0.7824724772638266,0.9057460992755193
5000,100,61,0.003170013427734375,0.7824724772638266,0.9057460992755193
5000,100,62,0.0032405853271484375,0.7824724772638266,0.9057460992755193
5000,100,63,0.0031995773315429688,0.7824724772638266,0.9057460992755193
5000,100,64,0.0032453536987304688,0.7824724772638266,0.9057460992755193
5000,100,65,0.003204822540283203,0.7824724772638266,0.9057460992755193
5000,100,66,0.0032320022583007812,0.7818486282554663,0.9046191957880839
5000,100,67,0.003365039825439453,0.7824724772638266,0.9057460992755193
5000,100,68,0.003222227096557617,0.7824724772638266,0.9057460992755193
5000,100,69,0.003478527069091797,0.7824724772638266,0.9057460992755193
5000,100,70,0.003286600112915039,0.7824724772638266,0.9057460992755193
5000,100,71,0.003237009048461914,0.7824724772638266,0.9057460992755193
5000,100,72,0.0032358169555664062,0.7824724772638266,0.9057460992755193
5000,100,73,0.003203868865966797,0.7824724772638266,0.9057460992755193
5000,100,74,0.0033545494079589844,0.7824724772638266,0.9057460992755193
5000,100,75,0.003250598907470703,0.7824724772638266,0.9057460992755193
5000,100,76,0.0032563209533691406,0.7824724772638266,0.9057460992755193
5000,100,77,0.003223419189453125,0.7824724772638266,0.9057460992755193
5000,100,78,0.003199338912963867,0.7824724772638266,0.9057460992755193
5000,100,79,0.003238201141357422,0.7824724772638266,0.9057460992755193
5000,100,80,0.0032024383544921875,0.7824724772638266,0.9057460992755193
5000,100,81,0.003227710723876953,0.7824724772638266,0.9057460992755193
5000,100,82,0.003191709518432617,0.7824724772638266,0.9057460992755193
5000,100,83,0.0032494068145751953,0.7824724772638266,0.9057460992755193
5000,100,84,0.0033156871795654297,0.7824724772638266,0.9057460992755193
5000,100,85,0.0032529830932617188,0.7824724772638266,0.9057460992755193
5000,100,86,0.003254413604736328,0.7824724772638266,0.9057460992755193
5000,100,87,0.003313779830932617,0.7824724772638266,0.9057460992755193
5000,100,88,0.0032660961151123047,0.7824724772638266,0.9057460992755193
5000,100,89,0.0032758712768554688,0.7824724772638266,0.9057460992755193
5000,100,90,0.003284454345703125,0.7824724772638266,0.9057460992755193
5000,100,91,0.003199338912963867,0.7824724772638266,0.9057460992755193
5000,100,92,0.0032150745391845703,0.7824724772638266,0.9057460992755193
5000,100,93,0.0031957626342773438,0.7824724772638266,0.9057460992755193
5000,100,94,0.0032129287719726562,0.7818486282554663,0.9046191957880839
5000,100,95,0.003589153289794922,0.7824724772638266,0.9057460992755193
5000,100,96,0.0032215118408203125,0.7824724772638266,0.9057460992755193
5000,100,97,0.0032014846801757812,0.7824724772638266,0.9057460992755193
5000,100,98,0.003409862518310547,0.7818486282554663,0.9046191957880839
5000,100,99,0.0032434463500976562,0.7824724772638266,0.9057460992755193
5000,100,100,0.0033032894134521484,0.7824724772638266,0.9057460992755193
5000,200,1,0.003709554672241211,0.48255874133112514,0.7424834172925042
5000,200,2,0.0037398338317871094,0.48255874133112514,0.7424834172925042
5000,200,3,0.003647327423095703,0.48255874133112514,0.7424834172925042
5000,200,4,0.0036666393280029297,0.48255874133112514,0.7424834172925042
5000,200,5,0.003678560256958008,0.48255874133112514,0.7424834172925042
5000,200,6,0.0036585330963134766,0.48255874133112514,0.7424834172925042
5000,200,7,0.0036716461181640625,0.48255874133112514,0.7424834172925042
5000,200,8,0.0037326812744140625,0.48255874133112514,0.7424834172925042
5000,200,9,0.0037162303924560547,0.48255874133112514,0.7424834172925042
5000,200,10,0.00368499755859375,0.48255874133112514,0.7424834172925042
5000,200,11,0.003714323043823242,0.48255874133112514,0.7424834172925042
5000,200,12,0.0036978721618652344,0.48255874133112514,0.7424834172925042
5000,200,13,0.0036652088165283203,0.48255874133112514,0.7424834172925042
5000,200,14,0.0036742687225341797,0.48255874133112514,0.7424834172925042
5000,200,15,0.00365447998046875,0.48255874133112514,0.7424834172925042
5000,200,16,0.0036401748657226562,0.48255874133112514,0.7424834172925042
5000,200,17,0.003713846206665039,0.48255874133112514,0.7424834172925042
5000,200,18,0.003927469253540039,0.48255874133112514,0.7424834172925042
5000,200,19,0.0037496089935302734,0.48255874133112514,0.7424834172925042
5000,200,20,0.0036935806274414062,0.48255874133112514,0.7424834172925042
5000,200,21,0.0036733150482177734,0.48255874133112514,0.7424834172925042
5000,200,22,0.0037016868591308594,0.48255874133112514,0.7424834172925042
5000,200,23,0.0036711692810058594,0.48255874133112514,0.7424834172925042
5000,200,24,0.0036497116088867188,0.48255874133112514,0.7424834172925042
5000,200,25,0.003702878952026367,0.48255874133112514,0.7424834172925042
5000,200,26,0.0037136077880859375,0.48255874133112514,0.7424834172925042
5000,200,27,0.003705263137817383,0.48255874133112514,0.7424834172925042
5000,200,28,0.003679990768432617,0.48255874133112514,0.7424834172925042
5000,200,29,0.0036644935607910156,0.48255874133112514,0.7424834172925042
5000,200,30,0.0037016868591308594,0.48255874133112514,0.7424834172925042
5000,200,31,0.003907203674316406,0.48255874133112514,0.7424834172925042
5000,200,32,0.0036857128143310547,0.48255874133112514,0.7424834172925042
5000,200,33,0.003667593002319336,0.48255874133112514,0.7424834172925042
5000,200,34,0.0037033557891845703,0.48255874133112514,0.7424834172925042
5000,200,35,0.003724336624145508,0.48255874133112514,0.7424834172925042
5000,200,36,0.0036513805389404297,0.48255874133112514,0.7424834172925042
5000,200,37,0.0036537647247314453,0.48255874133112514,0.7424834172925042
5000,200,38,0.003651857376098633,0.48255874133112514,0.7424834172925042
5000,200,39,0.003675222396850586,0.48255874133112514,0.7424834172925042
5000,200,40,0.003662109375,0.48255874133112514,0.7424834172925042
5000,200,41,0.0036907196044921875,0.48255874133112514,0.7424834172925042
5000,200,42,0.003757953643798828,0.48255874133112514,0.7424834172925042
5000,200,43,0.0037491321563720703,0.48255874133112514,0.7424834172925042
5000,200,44,0.0039293766021728516,0.48255874133112514,0.7424834172925042
5000,200,45,0.003664731979370117,0.48255874133112514,0.7424834172925042
5000,200,46,0.003654956817626953,0.48255874133112514,0.7424834172925042
5000,200,47,0.003895282745361328,0.48255874133112514,0.7424834172925042
5000,200,48,0.003750324249267578,0.48255874133112514,0.7424834172925042
5000,200,49,0.0036559104919433594,0.48255874133112514,0.7424834172925042
5000,200,50,0.0038754940032958984,0.48255874133112514,0.7424834172925042
5000,200,51,0.0036859512329101562,0.48255874133112514,0.7424834172925042
5000,200,52,0.0037043094635009766,0.48255874133112514,0.7424834172925042
5000,200,53,0.0036466121673583984,0.48255874133112514,0.7424834172925042
5000,200,54,0.0037598609924316406,0.48255874133112514,0.7424834172925042
5000,200,55,0.003731250762939453,0.48255874133112514,0.7424834172925042
5000,200,56,0.003690481185913086,0.48255874133112514,0.7424834172925042
5000,200,57,0.003661632537841797,0.48255874133112514,0.7424834172925042
5000,200,58,0.0036509037017822266,0.48255874133112514,0.7424834172925042
5000,200,59,0.003726482391357422,0.48255874133112514,0.7424834172925042
5000,200,60,0.0037081241607666016,0.48255874133112514,0.7424834172925042
5000,200,61,0.0037026405334472656,0.48255874133112514,0.7424834172925042
5000,200,62,0.003687620162963867,0.48255874133112514,0.7424834172925042
5000,200,63,0.003712892532348633,0.48255874133112514,0.7424834172925042
5000,200,64,0.0036945343017578125,0.48255874133112514,0.7424834172925042
5000,200,65,0.0036885738372802734,0.48255874133112514,0.7424834172925042
5000,200,66,0.003725767135620117,0.48255874133112514,0.7424834172925042
5000,200,67,0.003975629806518555,0.48255874133112514,0.7424834172925042
5000,200,68,0.003664255142211914,0.48255874133112514,0.7424834172925042
5000,200,69,0.003743410110473633,0.48255874133112514,0.7424834172925042
5000,200,70,0.0036745071411132812,0.48255874133112514,0.7424834172925042
5000,200,71,0.0036935806274414062,0.48255874133112514,0.7424834172925042
5000,200,72,0.005249977111816406,0.48255874133112514,0.7424834172925042
5000,200,73,0.0036847591400146484,0.48255874133112514,0.7424834172925042
5000,200,74,0.0036880970001220703,0.48255874133112514,0.7424834172925042
5000,200,75,0.0036551952362060547,0.48255874133112514,0.7424834172925042
5000,200,76,0.0036993026733398438,0.48255874133112514,0.7424834172925042
5000,200,77,0.0037140846252441406,0.48255874133112514,0.7424834172925042
5000,200,78,0.0037300586700439453,0.48255874133112514,0.7424834172925042
5000,200,79,0.003726482391357422,0.48255874133112514,0.7424834172925042
5000,200,80,0.0037717819213867188,0.48255874133112514,0.7424834172925042
5000,200,81,0.0037276744842529297,0.48255874133112514,0.7424834172925042
5000,200,82,0.0037093162536621094,0.48255874133112514,0.7424834172925042
5000,200,83,0.0036497116088867188,0.48255874133112514,0.7424834172925042
5000,200,84,0.003820180892944336,0.48255874133112514,0.7424834172925042
5000,200,85,0.003698110580444336,0.48255874133112514,0.7424834172925042
5000,200,86,0.0036911964416503906,0.48255874133112514,0.7424834172925042
5000,200,87,0.0036487579345703125,0.48255874133112514,0.7424834172925042
5000,200,88,0.0036623477935791016,0.48255874133112514,0.7424834172925042
5000,200,89,0.0036690235137939453,0.48255874133112514,0.7424834172925042
5000,200,90,0.003762483596801758,0.48255874133112514,0.7424834172925042
5000,200,91,0.0037064552307128906,0.48255874133112514,0.7424834172925042
5000,200,92,0.0036585330963134766,0.48255874133112514,0.7424834172925042
5000,200,93,0.003688335418701172,0.48255874133112514,0.7424834172925042
5000,200,94,0.0037000179290771484,0.48255874133112514,0.7424834172925042
5000,200,95,0.003643512725830078,0.48255874133112514,0.7424834172925042
5000,200,96,0.0036487579345703125,0.48255874133112514,0.7424834172925042
5000,200,97,0.003668069839477539,0.48255874133112514,0.7424834172925042
5000,200,98,0.0036554336547851562,0.48255874133112514,0.7424834172925042
5000,200,99,0.003670930862426758,0.48255874133112514,0.7424834172925042
5000,200,100,0.0036547183990478516,0.48255874133112514,0.7424834172925042
5000,50,1,0.003537893295288086,0.9378151643189488,0.9599087745592385
5000,50,2,0.003094911575317383,0.9365682723570642,0.9593733220426168
5000,50,3,0.0036818981170654297,0.939086336588052,0.960459621519828
5000,50,4,0.003515481948852539,0.9376528038416263,0.9598387812740922
5000,50,5,0.0035669803619384766,0.9402125505576172,0.9609519392272008
5000,50,6,0.003545999526977539,0.9371464094299721,0.959620998412996
5000,50,7,0.0031566619873046875,0.9402125505576172,0.9609519392272008
5000,50,8,0.0034749507904052734,0.9375997540881796,0.9598159293187362
5000,50,9,0.0031130313873291016,0.939086336588052,0.960459621519828
5000,50,10,0.003462076187133789,0.9364873831986325,0.9593387498709864
5000,50,11,0.0034613609313964844,0.9359913672300239,0.9580276534276526
5000,50,12,0.003467082977294922,0.937760509057391,0.9598852036608814
5000,50,13,0.0034775733947753906,0.9376528038416263,0.9598387812740922
5000,50,14,0.0034143924713134766,0.9372434015451477,0.9596626503101874
5000,50,15,0.003468751907348633,0.9392196675866596,0.9605176943292303
5000,50,16,0.003481149673461914,0.9375472397032161,0.959793316548641
5000,50,17,0.0034172534942626953,0.9356845526667594,0.9589966883245079
5000,50,18,0.0034623146057128906,0.9375997540881796,0.9598159293187362
5000,50,19,0.0034563541412353516,0.9383311226373818,0.9601317474230637
5000,50,20,0.0034339427947998047,0.9390204699279037,0.9604309539097281
5000,50,21,0.003455638885498047,0.9396324329967807,0.9606978355450992
5000,50,22,0.0031049251556396484,0.9401381776488571,0.9609193015201618
5000,50,23,0.0030591487884521484,0.9366095229141338,0.9593909602435705
5000,50,24,0.0030755996704101562,0.9392871316772176,0.9605471001339598
5000,50,25,0.0030858516693115234,0.9392196675866596,0.9605176943292303
5000,50,26,0.0030646324157714844,0.9396324329967807,0.9606978355450994
5000,50,27,0.0030918121337890625,0.9397030885357036,0.9607287261219162
5000,50,28,0.0034744739532470703,0.9413917256054012,0.9614718237351056
5000,50,29,0.0035543441772460938,0.9390204699279037,0.9604309539097281
5000,50,30,0.0035333633422851562,0.9390204699279037,0.9604309539097281
5000,50,31,0.003460407257080078,0.9399182433487135,0.9608228906855517
5000,50,32,0.003450155258178711,0.9382127243962592,0.9600805078337009
5000,50,33,0.0035037994384765625,0.9372434015451477,0.9596626503101874
5000,50,34,0.003418445587158203,0.9397030885357036,0.9607287261219162
5000,50,35,0.0034766197204589844,0.9399182433487135,0.9608228906855517
5000,50,36,0.003479480743408203,0.9387623317283031,0.9603187351790938
5000,50,37,0.0037009716033935547,0.9375472397032161,0.959793316548641
5000,50,38,0.0031461715698242188,0.9401381776488571,0.9609193015201618
5000,50,39,0.0036134719848632812,0.7207667633086603,0.8657792090070272
5000,50,40,0.0035080909729003906,0.9371464094299721,0.959620998412996
5000,50,41,0.0035033226013183594,0.938636461370282,0.9602640927821562
5000,50,42,0.003506898880004883,0.9358262351846144,0.9590569143156042
5000,50,43,0.003425121307373047,0.9375472397032161,0.959793316548641
5000,50,44,0.0034799575805664062,0.9377063888646587,0.959861872644106
5000,50,45,0.003481626510620117,0.9400643353865691,0.9608869144242205
5000,50,46,0.003459453582763672,0.9370987176483898,0.9596005284279204
5000,50,47,0.0034513473510742188,0.9367798965188793,0.9594638645394482
5000,50,48,0.003462553024291992,0.937760509057391,0.9598852036608814
5000,50,49,0.003452777862548828,0.9370987176483898,0.9596005284279204
5000,50,50,0.0031065940856933594,0.9382127243962592,0.9600805078337009
5000,50,51,0.0031213760375976562,0.9379260796401077,0.95995663695365
5000,50,52,0.003570556640625,0.940438851777546,0.9610513595235607
5000,50,53,0.0037450790405273438,0.9372434015451477,0.9596626503101874
5000,50,54,0.0035004615783691406,0.9383311226373818,0.9601317474230637
5000,50,55,0.003196239471435547,0.9388903348983512,0.960374354788101
5000,50,56,0.0034971237182617188,0.9357118114873331,0.959008270764646
5000,50,57,0.0035233497619628906,0.9380964630594205,0.9600302356853617
5000,50,58,0.003115415573120117,0.9361853301307896,0.9592098267660657
5000,50,59,0.0034613609313964844,0.9372434015451477,0.9596626503101874
5000,50,60,0.0034749507904052734,0.9383911228220707,0.9601577306595924
5000,50,61,0.0034470558166503906,0.9360472135814293,0.9591509671349745
5000,50,62,0.003174304962158203,0.9402125505576172,0.9609519392272008
5000,50,63,0.0034971237182617188,0.9373929097333579,0.9597269110962784
5000,50,64,0.003433704376220703,0.9379260796401077,0.95995663695365
5000,50,65,0.0031223297119140625,0.7232777916508298,0.8668768031868114
5000,50,66,0.0031232833862304688,0.9394236564137737,0.9606066520801857
5000,50,67,0.003047943115234375,0.9389551359908334,0.9604025317641809
5000,50,68,0.0034852027893066406,0.9388903348983512,0.960374354788101
5000,50,69,0.0034646987915039062,0.9375997540881796,0.9598159293187362
5000,50,70,0.0034058094024658203,0.7232219519135341,0.8660424891980482
5000,50,71,0.003573894500732422,0.9376528038416263,0.9598387812740922
5000,50,72,0.0035390853881835938,0.9370515621697909,0.9595802954803518
5000,50,73,0.0035469532012939453,0.9386991298888683,0.960291291971037
5000,50,74,0.0035364627838134766,0.9375997540881796,0.9598159293187362
5000,50,75,0.0034494400024414062,0.9370987176483898,0.9596005284279204
5000,50,76,0.0031206607818603516,0.9390204699279037,0.9604309539097281
5000,50,77,0.0035746097564697266,0.9374438174293814,0.9597488076600993
5000,50,78,0.0034465789794921875,0.9362945668562077,0.959256419680788
5000,50,79,0.0035250186920166016,0.7974700226169631,0.8888681553343429
5000,50,80,0.003470897674560547,0.9425098476537248,0.961969056009927
5000,50,81,0.003465414047241211,0.9370049430821688,0.9595602993698877
5000,50,82,0.0034813880920410156,0.9364873831986325,0.9593387498709864
5000,50,83,0.0030913352966308594,0.9418112248647542,0.9616578845800052
5000,50,84,0.0031011104583740234,0.9362945668562077,0.959256419680788
5000,50,85,0.003455638885498047,0.9394927168060215,0.9606367988456973
5000,50,86,0.0034863948822021484,0.9364873831986325,0.9593387498709864
5000,50,87,0.0034444332122802734,0.9385127247611457,0.9602104253442996
5000,50,88,0.003443002700805664,0.9378151643189488,0.9599087745592385
5000,50,89,0.0030846595764160156,0.9413094101038576,0.9614353830395905
5000,50,90,0.003400564193725586,0.9387623317283031,0.9603187351790938
5000,50,91,0.0034596920013427734,0.7207229559780196,0.8657602386370817
5000,50,92,0.003453969955444336,0.9391527358487917,0.9604885348926029
5000,50,93,0.003422975540161133,0.9366513106873859,0.9594088334173481
5000,50,94,0.003502368927001953,0.935856187945179,0.9590696542346488
5000,50,95,0.003086566925048828,0.9382127243962592,0.9600805078337009
5000,50,96,0.003411531448364258,0.9366513106873859,0.9594088334173481
5000,50,97,0.003407716751098633,0.9364477447483548,0.9593218155623691
5000,50,98,0.0034410953521728516,0.9392196675866596,0.9605176943292303
5000,50,99,0.0030901432037353516,0.9402352800948364,0.9602385055912709
5000,50,100,0.003432035446166992,0.9438134278707145,0.9625541301314963
