n_samples,n_features,Replicate,CPU_Runtime_sec,CPU_ARI,CPU_NMI
10000,50,1,0.03143594413995743,0.7190927727312096,0.8650185325354787
10000,50,2,0.04001945583149791,0.7190791789345257,0.8650127168839038
10000,50,3,0.02762000635266304,0.719008251699237,0.8649823821338563
10000,50,4,0.012782386038452387,1.0,1.0
10000,50,5,0.011336734984070063,1.0,1.0
10000,50,6,0.010452053975313902,1.0,1.0
10000,50,7,0.03655923483893275,0.7192135981378663,0.8650702483240025
10000,50,8,0.011386111844331026,1.0,1.0
10000,50,9,0.030561202205717564,0.7191235058327501,0.8650316827345123
10000,50,10,0.013492153026163578,1.0,1.0
10000,50,11,0.010360426269471645,1.0,1.0
10000,50,12,0.010398353915661573,1.0,1.0
10000,50,13,0.020796397235244513,0.7824177479965777,0.9054813560903947
10000,50,14,0.04101590812206268,0.7191921264574563,0.8650610547544405
10000,50,15,0.010520645882934332,1.0,1.0
10000,50,16,0.03385485615581274,0.7190424024945682,0.8649969861248333
10000,50,17,0.036687460262328386,0.5332789051341692,0.7315885283830864
10000,50,18,0.010573158971965313,1.0,1.0
10000,50,19,0.012634862679988146,1.0,1.0
10000,50,20,0.011925014667212963,1.0,1.0
10000,50,21,0.020852657966315746,0.719539489287786,0.8652099583333911
10000,50,22,0.013849698007106781,1.0,1.0
10000,50,23,0.027403172105550766,0.7192135981378663,0.8650702483240025
10000,50,24,0.011477126739919186,1.0,1.0
10000,50,25,0.042345625814050436,0.7190707730135834,0.8650091209723044
10000,50,26,0.02364902989938855,0.7198608093288709,0.865348027058772
10000,50,27,0.011514313984662294,1.0,1.0
10000,50,28,0.0366169516928494,0.7191024918511187,0.8650226908801243
10000,50,29,0.026444617193192244,0.7192851013286745,0.8651008740985908
10000,50,30,0.039918843656778336,0.5333882462667758,0.7316549994956075
10000,50,31,0.01408948004245758,1.0,1.0
10000,50,32,0.032442525029182434,0.40474298471635556,0.6838520705052328
10000,50,33,0.012307317927479744,1.0,1.0
10000,50,34,0.015503755770623684,1.0,1.0
10000,50,35,0.047095630783587694,0.7190076606172333,0.8649821293991029
10000,50,36,0.011450964957475662,1.0,1.0
10000,50,37,0.013940514996647835,1.0,1.0
10000,50,38,0.01226961100474,1.0,1.0
10000,50,39,0.03781495615839958,0.7190129803423475,0.8649844040444972
10000,50,40,0.038478098809719086,0.7194932776815663,0.8651901276099897
10000,50,41,0.010295221582055092,0.7824177479965777,0.9054813560903949
10000,50,42,0.05908592091873288,0.7190366232134116,0.8649945144675416
10000,50,43,0.013495255261659622,1.0,1.0
10000,50,44,0.010499707888811827,1.0,1.0
10000,50,45,0.041125111281871796,0.719377016907222,0.8651402656628572
10000,50,46,0.011342092417180538,1.0,1.0
10000,50,47,0.020670936908572912,0.7190077262930292,0.8649821574806975
10000,50,48,0.033453021198511124,0.7190313692916812,0.8649922675815622
10000,50,49,0.052080157212913036,0.7190224375596704,0.8649884480397323
10000,50,50,0.05708573991432786,0.40465498812216066,0.6837986892004275
10000,50,51,0.01151609793305397,1.0,1.0
10000,50,52,0.07308627804741263,0.719008251699237,0.8649823821338563
10000,50,53,0.010431735310703516,1.0,1.0
10000,50,54,0.010297948960214853,1.0,1.0
10000,50,55,0.033157519064843655,0.7190077262930292,0.8649821574806975
10000,50,56,0.011354818008840084,1.0,1.0
10000,50,57,0.027711480855941772,0.7190339305820665,0.8649933629295313
10000,50,58,0.03776501631364226,0.40470056297074386,0.6838261176583257
10000,50,59,0.03659013798460364,0.719014228174894,0.8649849376139189
10000,50,60,0.04747592005878687,0.40474019705049974,0.6838500662017433
10000,50,61,0.04221325321123004,0.7194709587906092,0.865180552274693
10000,50,62,0.010212648194283247,1.0,1.0
10000,50,63,0.01132529927417636,1.0,1.0
10000,50,64,0.012992912903428078,1.0,1.0
10000,50,65,0.03439426887780428,0.7191024918511187,0.8650226908801242
10000,50,66,0.010384825989603996,1.0,1.0
10000,50,67,0.036106748040765524,0.7191466206886659,0.8650415750998599
10000,50,68,0.01189740700647235,1.0,1.0
10000,50,69,0.0461903209798038,0.7191180553748309,0.8650293503620692
10000,50,70,0.060980492271482944,0.4048573942899293,0.6839202070437487
10000,50,71,0.030118452850729227,0.7190339305820665,0.8649933629295313
10000,50,72,0.012408416252583265,1.0,1.0
10000,50,73,0.06043947068974376,0.7190129803423475,0.8649844040444973
10000,50,74,0.05794714577496052,0.5332515040773123,0.7315724957648048
10000,50,75,0.010490057989954948,1.0,1.0
10000,50,76,0.012121446896344423,1.0,1.0
10000,50,77,0.012327404227107763,1.0,1.0
10000,50,78,0.01561393029987812,0.7824177479965777,0.9054813560903947
10000,50,79,0.02785203931853175,0.40465516994036554,0.683798847558001
10000,50,80,0.03432456683367491,0.7190156073563743,0.8649855273532409
10000,50,81,0.033684824127703905,0.7194278950135337,0.8651620811940263
10000,50,82,0.02152424491941929,1.0,1.0
10000,50,83,0.041215705685317516,0.7190118638592398,0.8649839266437006
10000,50,84,0.04605449503287673,0.7171927932424345,0.8599278177709636
10000,50,85,0.013557013589888811,1.0,1.0
10000,50,86,0.011510996147990227,1.0,1.0
10000,50,87,0.010468372143805027,1.0,1.0
10000,50,88,0.043338587041944265,0.7190093025108019,0.8649828314423214
10000,50,89,0.010306284762918949,1.0,1.0
10000,50,90,0.013439948204904795,1.0,1.0
10000,50,91,0.035364307928830385,0.4046932905116931,0.6838223096454704
10000,50,92,0.012177773285657167,1.0,1.0
10000,50,93,0.03445002483204007,0.7190100249430947,0.8649831403435522
10000,50,94,0.03645678935572505,0.7190366232134116,0.8649945144675414
10000,50,95,0.022594885900616646,0.7191589658982435,0.865046859091342
10000,50,96,0.018792780116200447,1.0,1.0
10000,50,97,0.03254607040435076,0.719563381928293,0.8652202139133799
10000,50,98,0.024446841794997454,0.7190667670413488,0.8650074073602274
10000,50,99,0.010507897939532995,1.0,1.0
10000,50,100,0.029059691354632378,0.7190087114294361,0.8649825787059576
1000,50,1,0.0022323760204017162,0.7758931126757267,0.8986035709454092
1000,50,2,0.0018597906455397606,0.7782734978278049,0.90097523932431
1000,50,3,0.002008753828704357,1.0,1.0
1000,50,4,0.0034071924164891243,0.4259384684005728,0.700617367864449
1000,50,5,0.0016300678253173828,1.0,1.0
1000,50,6,0.0017794878222048283,1.0,1.0
1000,50,7,0.0023239157162606716,0.7222744212070986,0.866759629166906
1000,50,8,0.001628055702894926,1.0,1.0
1000,50,9,0.002616297919303179,0.5349736159878304,0.7331906889557327
1000,50,10,0.0025744596496224403,0.7183276371226781,0.8650523683555481
1000,50,11,0.004773881286382675,0.718821863149719,0.865263506699057
1000,50,12,0.002233422826975584,0.7302763703309042,0.870381074622222
1000,50,13,0.0026735649444162846,0.7205398124569741,0.8660032680101748
1000,50,14,0.007744125090539455,0.7490509219928656,0.8799435291558328
1000,50,15,0.0039221011102199554,1.0,1.0
1000,50,16,0.0021005989983677864,0.7194541058745382,0.8655346935201553
1000,50,17,0.0016219229437410831,1.0,1.0
1000,50,18,0.001714619342237711,1.0,1.0
1000,50,19,0.002528820186853409,0.7213483682291713,0.8663546344030166
1000,50,20,0.001570143736898899,1.0,1.0
1000,50,21,0.0015033991076052189,1.0,1.0
1000,50,22,0.0016014566645026207,1.0,1.0
1000,50,23,0.002793600782752037,0.7332341462772293,0.8717797845712982
1000,50,24,0.0016187569126486778,1.0,1.0
1000,50,25,0.00260718772187829,0.7222744212070986,0.8667596291669059
1000,50,26,0.0027968729846179485,0.719276329190997,0.865458316105973
1000,50,27,0.0024695592001080513,0.7210657789588611,0.8662315964135474
1000,50,28,0.002333609387278557,0.718189208785996,0.8649933629295311
1000,50,29,0.001607195008546114,1.0,1.0
1000,50,30,0.0016168411821126938,1.0,1.0
1000,50,31,0.0021655037999153137,1.0,1.0
1000,50,32,0.0020286403596401215,0.7262052111292465,0.8685103765276976
1000,50,33,0.0019037770107388496,0.718821863149719,0.8652635066990572
1000,50,34,0.0014656451530754566,1.0,1.0
1000,50,35,0.0017883540131151676,1.0,1.0
1000,50,36,0.001469045877456665,1.0,1.0
1000,50,37,0.002035672776401043,0.41411336670760995,0.6912316219560093
1000,50,38,0.0023738578893244267,1.0,1.0
1000,50,39,0.0029497407376766205,0.7205398124569741,0.8660032680101748
1000,50,40,0.0016231550835072994,1.0,1.0
1000,50,41,0.0016284240409731865,1.0,1.0
1000,50,42,0.002010948024690151,0.5325489236651428,0.7318288974712361
1000,50,43,0.0016216440126299858,1.0,1.0
1000,50,44,0.0017428947612643242,1.0,1.0
1000,50,45,0.0035083703696727753,0.4255093440674323,0.7039858344575328
1000,50,46,0.001963946968317032,0.7747193065759961,0.8975237981060186
1000,50,47,0.0023322911001741886,0.7194541058745382,0.8655346935201552
1000,50,48,0.002185857854783535,0.7276359841840646,0.8691609079167132
1000,50,49,0.0032804878428578377,0.7182221697019923,0.865007407360227
1000,50,50,0.0017814571037888527,1.0,1.0
1000,50,51,0.0016506370157003403,1.0,1.0
1000,50,52,0.0020178579725325108,0.7198490487206457,0.8657047203168645
1000,50,53,0.001582528930157423,1.0,1.0
1000,50,54,0.0025338097475469112,0.7257539810817557,0.8683067195305371
1000,50,55,0.0015802020207047462,1.0,1.0
1000,50,56,0.0018589342944324017,1.0,1.0
1000,50,57,0.0016169878654181957,1.0,1.0
1000,50,58,0.001752594020217657,1.0,1.0
1000,50,59,0.0017394092865288258,1.0,1.0
1000,50,60,0.0017871558666229248,1.0,1.0
1000,50,61,0.002388246823102236,0.723691343022577,0.8673847151505439
1000,50,62,0.001985772978514433,0.718189208785996,0.8649933629295311
1000,50,63,0.0017335237935185432,1.0,1.0
1000,50,64,0.0028187381103634834,0.7345054760605934,0.8723918846044132
1000,50,65,0.002625421155244112,0.7185846660238451,0.8651620811940259
1000,50,66,0.001981851179152727,0.7183276371226781,0.8650523683555481
1000,50,67,0.002399788238108158,0.7253156288404662,0.868109554589826
1000,50,68,0.002000689972192049,0.7806972856071891,0.9038117108824201
1000,50,69,0.00200422341004014,0.7189602014060461,0.8653227392725908
1000,50,70,0.0020040632225573063,0.7806972856071891,0.9038117108824201
1000,50,71,0.0024266112595796585,0.5341531746436131,0.73273574650611
1000,50,72,0.001983238849788904,0.719111692138552,0.8653876704593236
1000,50,73,0.0015932749956846237,1.0,1.0
1000,50,74,0.0025074132718145847,0.7196450149684077,0.8656168214918463
1000,50,75,0.0018675308674573898,1.0,1.0
1000,50,76,0.002517478074878454,0.7198490487206457,0.8657047203168646
1000,50,77,0.002261039800941944,1.0,1.0
1000,50,78,0.0017390982247889042,1.0,1.0
1000,50,79,0.0017645526677370071,1.0,1.0
1000,50,80,0.0023758099414408207,1.0,1.0
1000,50,81,0.0024158679880201817,0.7182683131067041,0.8650270742658026
1000,50,82,0.001706182025372982,1.0,1.0
1000,50,83,0.0024033701047301292,0.41810882701332436,0.6901242231238585
1000,50,84,0.0015793349593877792,1.0,1.0
1000,50,85,0.0019854651764035225,0.7320131308989769,0.8711981594071929
1000,50,86,0.0019722948782145977,0.7431782258244006,0.8767619190477858
1000,50,87,0.001554063055664301,1.0,1.0
1000,50,88,0.001623030286282301,1.0,1.0
1000,50,89,0.00246694078668952,1.0,1.0
1000,50,90,0.0023116939701139927,0.7184001393363726,0.8650832956938429
1000,50,91,0.0019237678498029709,1.0,1.0
1000,50,92,0.0023008561693131924,0.7400897879030077,0.875164507993462
1000,50,93,0.0020405431278049946,0.7181694316998902,0.8649849376139187
1000,50,94,0.001628219150006771,1.0,1.0
1000,50,95,0.0023243939504027367,0.718189208785996,0.8649933629295311
1000,50,96,0.0016310419887304306,1.0,1.0
1000,50,97,0.0016081947833299637,1.0,1.0
1000,50,98,0.0022670007310807705,0.7806972856071891,0.9038117108824201
1000,50,99,0.002369712106883526,0.7794799886453703,0.9023105211927985
1000,50,100,0.0017653158865869045,1.0,1.0
5000,100,1,0.024400518741458654,0.7192546632801468,0.8651278549410806
5000,100,2,0.01465926319360733,0.7822267575404412,0.9052594201943568
5000,100,3,0.009348771069198847,1.0,1.0
5000,100,4,0.01733425073325634,1.0,1.0
5000,100,5,0.028728350065648556,0.7194944984130391,0.8652306964372338
5000,100,6,0.01489411061629653,0.7189143795210664,0.8649822417255479
5000,100,7,0.02935010613873601,0.7202755885491148,0.8655668535393609
5000,100,8,0.010618750005960464,1.0,1.0
5000,100,9,0.03106022486463189,0.7195194504812236,0.8652414060065287
5000,100,10,0.016848194878548384,0.7822267575404412,0.9052594201943566
5000,100,11,0.010697796009480953,1.0,1.0
5000,100,12,0.01699126325547695,1.0,1.0
5000,100,13,0.023618286941200495,0.7198285404149342,0.8653742275931863
5000,100,14,0.009505311958491802,1.0,1.0
5000,100,15,0.017186893615871668,1.0,1.0
5000,100,16,0.009598348755389452,1.0,1.0
5000,100,17,0.020747706294059753,0.5356125671838843,0.7330267174379348
5000,100,18,0.01601799763739109,0.718981394610155,0.8650108908121181
5000,100,19,0.02867483487352729,0.7192178815816292,0.8651120984481787
5000,100,20,0.01066010631620884,1.0,1.0
5000,100,21,0.024308045860379934,0.7197978196419063,0.8653610131693622
5000,100,22,0.045039469841867685,0.7189151679606997,0.8649825787059576
5000,100,23,0.024624965619295835,0.7256189686520663,0.86791882484755
5000,100,24,0.023594390135258436,0.7189403976917852,0.8649933629295312
5000,100,25,0.012668599374592304,1.0,1.0
5000,100,26,0.009715566877275705,1.0,1.0
5000,100,27,0.009673119988292456,1.0,1.0
5000,100,28,0.03306738520041108,0.7223236579021155,0.8664573526309107
5000,100,29,0.04268698487430811,0.4075203574506487,0.6857207315724551
5000,100,30,0.01582559011876583,1.0,1.0
5000,100,31,0.0099438251927495,0.7822267575404412,0.9052594201943568
5000,100,32,0.010607562959194183,1.0,1.0
5000,100,33,0.010731914080679417,1.0,1.0
5000,100,34,0.033825200982391834,0.7189269944785663,0.8649876336053725
5000,100,35,0.010462197009474039,1.0,1.0
5000,100,36,0.010787403676658869,1.0,1.0
5000,100,37,0.01853924384340644,1.0,1.0
5000,100,38,0.03412447590380907,0.7192178815816292,0.8651120984481787
5000,100,39,0.01146432664245367,1.0,1.0
5000,100,40,0.0337133607827127,0.7191056888152902,0.8650640629157489
5000,100,41,0.011520270723849535,1.0,1.0
5000,100,42,0.026315760798752308,0.7189732479240993,0.8650074073602272
5000,100,43,0.02562419418245554,0.719708802694305,0.8653227392725908
5000,100,44,0.04180763894692063,0.7206796713479958,0.8657415005230293
5000,100,45,0.011424134019762278,1.0,1.0
5000,100,46,0.034447040874511003,0.3641346141176067,0.670212156041705
5000,100,47,0.024226147681474686,0.7194227904875151,0.86519992959795
5000,100,48,0.021739023737609386,0.7190300105126394,0.8650316827345123
5000,100,49,0.030611567199230194,0.7218073283487543,0.8662315964135476
5000,100,50,0.019650950096547604,0.7213331953266929,0.8660250409699478
5000,100,51,0.009692716877907515,1.0,1.0
5000,100,52,0.014190079178661108,1.0,1.0
5000,100,53,0.02831494528800249,0.7193558057840749,0.865171203499484
5000,100,54,0.022731719072908163,0.4047900370877106,0.6839593094909276
5000,100,55,0.03091366682201624,0.7200582590374649,0.8654731324676168
5000,100,56,0.03177042491734028,0.7195974543994396,0.8652748980367726
5000,100,57,0.02804073179140687,0.7213837910205806,0.8660470488506717
5000,100,58,0.011738761328160763,1.0,1.0
5000,100,59,0.01890546502545476,0.7195709285160783,0.8652635066990573
5000,100,60,0.009805704932659864,1.0,1.0
5000,100,61,0.026586775202304125,0.53359866554391,0.7318457853551521
5000,100,62,0.009568143170326948,1.0,1.0
5000,100,63,0.010755654890090227,1.0,1.0
5000,100,64,0.01714090770110488,0.7822267575404412,0.9052594201943566
5000,100,65,0.03222684469074011,0.5343034011430308,0.7322783194509066
5000,100,66,0.03156993677839637,0.7203522197445107,0.8655999349005924
5000,100,67,0.024845339357852936,0.7190300105126394,0.8650316827345123
5000,100,68,0.030543251894414425,0.7197379507331642,0.8653352691346607
5000,100,69,0.010639688931405544,1.0,1.0
5000,100,70,0.01202086266130209,1.0,1.0
5000,100,71,0.010073394048959017,1.0,1.0
5000,100,72,0.009708029218018055,1.0,1.0
5000,100,73,0.02743601379916072,0.7189403976917852,0.8649933629295313
5000,100,74,0.020881084259599447,0.7189151679606997,0.8649825787059576
5000,100,75,0.04029755713418126,0.40752543659567964,0.6857021298219871
5000,100,76,0.027572576887905598,0.40806611391158343,0.685861770652343
5000,100,77,0.009574241936206818,1.0,1.0
5000,100,78,0.009789010044187307,1.0,1.0
5000,100,79,0.028274286072701216,0.7198915543498227,0.8654013418991835
5000,100,80,0.009729844983667135,0.7819814658131629,0.9048585201990492
5000,100,81,0.0097427349537611,1.0,1.0
5000,100,82,0.03502945089712739,0.7191201405998052,0.8650702483240025
5000,100,83,0.026163460221141577,0.7193558057840749,0.865171203499484
5000,100,84,0.009773654863238335,1.0,1.0
5000,100,85,0.02932349033653736,0.7206369094885137,0.8657229944778067
5000,100,86,0.02350378781557083,0.7205529543566722,0.8656866778581572
5000,100,87,0.025345795787870884,0.7223836297006679,0.8664836299152527
5000,100,88,0.011949925683438778,1.0,1.0
5000,100,89,0.018662299029529095,0.7192935452785881,0.8651445156421841
5000,100,90,0.02548480499535799,0.7190531350627193,0.8650415750998599
5000,100,91,0.010875023901462555,1.0,1.0
5000,100,92,0.029007650911808014,0.7189585311571005,0.8650011151092903
5000,100,93,0.022576728835701942,0.718916482025336,0.8649831403435521
5000,100,94,0.016676713712513447,0.7822267575404412,0.9052594201943566
5000,100,95,0.045376157853752375,0.7189269944785663,0.8649876336053725
5000,100,96,0.027251710183918476,0.5354080760657586,0.7330077285425907
5000,100,97,0.02559418836608529,0.7189183217128466,0.8649839266437006
5000,100,98,0.028040011879056692,0.5336509031293182,0.7318794822937253
5000,100,99,0.010704896878451109,1.0,1.0
5000,100,100,0.0365943000651896,0.7191666476135885,0.8650901577808058
5000,200,1,0.0199822336435318,1.0,1.0
5000,200,2,0.05739216459915042,0.5351247910139479,0.7328025795278207
5000,200,3,0.04864411894232035,0.7233455531601467,0.8669067053432357
5000,200,4,0.0501445671543479,0.7250469352699791,0.8676625112975349
5000,200,5,0.09428424015641212,0.5564990245950737,0.7524642855657577
5000,200,6,0.04645309271290898,0.7203913203229029,0.8656168214918465
5000,200,7,0.05485183093696833,0.5333725292195397,0.7317152681375333
5000,200,8,0.045757120940834284,0.721591389303527,0.8661374340896537
5000,200,9,0.019409085158258677,1.0,1.0
5000,200,10,0.05082210525870323,0.7193999374009762,0.8651901276099897
5000,200,11,0.03728207014501095,1.0,1.0
5000,200,12,0.04681140882894397,0.7210405799839273,0.8658979193950157
5000,200,13,0.025738471187651157,0.7822267575404412,0.9052594201943568
5000,200,14,0.05177675886079669,0.7190300105126394,0.8650316827345123
5000,200,15,0.05045571969822049,0.7197379507331642,0.8653352691346606
5000,200,16,0.033232750836759806,1.0,1.0
5000,200,17,0.02214082097634673,0.780518723465683,0.902885805435781
5000,200,18,0.038749456871300936,0.7190654854496328,0.8650468590913422
5000,200,19,0.047665403224527836,0.40578970030500405,0.6845400971297178
5000,200,20,0.04961693566292524,0.40596288537929215,0.6846923088411397
5000,200,21,0.033517083153128624,0.4074228818123715,0.6854967457488063
5000,200,22,0.034310941118746996,0.7189519610999954,0.8649983062500258
5000,200,23,0.05215496802702546,0.7195194504812236,0.8652414060065287
5000,200,24,0.04967203224077821,0.7201286077203433,0.8655034535732893
5000,200,25,0.019356766249984503,1.0,1.0
5000,200,26,0.03400246985256672,0.7822267575404412,0.9052594201943566
5000,200,27,0.03656851314008236,0.7220316025834328,0.8663295512424264
5000,200,28,0.06439329404383898,0.7348171247327944,0.8722050025191658
5000,200,29,0.02369140973314643,1.0,1.0
5000,200,30,0.01915120193734765,1.0,1.0
5000,200,31,0.03660666709765792,0.5335354136689758,0.7318210469447265
5000,200,32,0.047624010127037764,0.7190917623471961,0.8650581029453379
5000,200,33,0.043407609686255455,0.719680178995614,0.8653104373504377
5000,200,34,0.04251928487792611,0.719150620023633,0.8650832956938431
5000,200,35,0.05657803872600198,0.7205946704686577,0.8657047203168649
5000,200,36,0.01743187801912427,1.0,1.0
5000,200,37,0.07174980407580733,0.7192178815816292,0.8651120984481787
5000,200,38,0.03865377185866237,0.7202755885491148,0.865566853539361
5000,200,39,0.05819908296689391,0.36637481367522323,0.6710612018526166
5000,200,40,0.04732003016397357,0.7189403976917852,0.8649933629295312
5000,200,41,0.03376888297498226,0.7822267575404412,0.9052594201943568
5000,200,42,0.032654399052262306,0.7219184239240442,0.8662800987735265
5000,200,43,0.029959808103740215,0.7822267575404412,0.9052594201943566
5000,200,44,0.04712942009791732,0.7241251243828856,0.8672518116834735
5000,200,45,0.019143553916364908,1.0,1.0
5000,200,46,0.03241120418533683,1.0,1.0
5000,200,47,0.019303802866488695,1.0,1.0
5000,200,48,0.019371603149920702,1.0,1.0
5000,200,49,0.05930903507396579,0.718981394610155,0.865010890812118
5000,200,50,0.03804127126932144,1.0,1.0
5000,200,51,0.04378789197653532,0.7201645675821876,0.8655189586155269
5000,200,52,0.019991185050457716,1.0,1.0
5000,200,53,0.08395593566820025,0.7225051332644854,0.8665369036605682
5000,200,54,0.032336145639419556,1.0,1.0
5000,200,55,0.022904593963176012,0.7797931592493016,0.9020327645024628
5000,200,56,0.04560843575745821,0.7191666476135885,0.8650901577808058
5000,200,57,0.0192581950686872,1.0,1.0
5000,200,58,0.06487109838053584,0.411729888880141,0.6887899551005942
5000,200,59,0.02666602563112974,1.0,1.0
5000,200,60,0.05785425798967481,0.7247314024332007,0.8675216069735117
5000,200,61,0.05221500201150775,0.7199238474097546,0.8654152420465129
5000,200,62,0.04591916687786579,0.7190917623471961,0.8650581029453379
5000,200,63,0.040885007940232754,0.7197676230650328,0.8653480270587719
5000,200,64,0.05622529285028577,0.7205529543566722,0.8656866778581572
5000,200,65,0.024603880010545254,1.0,1.0
5000,200,66,0.019176606088876724,1.0,1.0
5000,200,67,0.03229460120201111,1.0,1.0
5000,200,68,0.02164823981001973,1.0,1.0
5000,200,69,0.032826127018779516,1.0,1.0
5000,200,70,0.052544784266501665,0.7207229559780196,0.8657602386370816
5000,200,71,0.09015895565971732,0.7234138331420917,0.8669368515932623
5000,200,72,0.029481610748916864,0.7822267575404412,0.9052594201943566
5000,200,73,0.052728493232280016,0.4059531974047272,0.68468089512518
5000,200,74,0.06339725200086832,0.7191832004212503,0.8650972455563672
5000,200,75,0.04759171698242426,0.7194227904875151,0.8651999295979499
5000,200,76,0.034253116231411695,1.0,1.0
5000,200,77,0.050490796100348234,0.7233455531601467,0.8669067053432357
5000,200,78,0.04911274230107665,0.366670419879802,0.6711745713867576
5000,200,79,0.054843736346811056,0.7190531350627193,0.86504157509986
5000,200,80,0.045469210017472506,0.7228821165678977,0.8667024985767843
5000,200,81,0.04729796899482608,0.7262162281253243,0.8681876452151572
5000,200,82,0.019345606677234173,1.0,1.0
5000,200,83,0.052779055666178465,0.7202010510470613,0.8655346935201556
5000,200,84,0.018999123945832253,1.0,1.0
5000,200,85,0.0625484874472022,0.7260430111688452,0.8681095545898262
5000,200,86,0.05264139408245683,0.7254529544494817,0.8678443225473761
5000,200,87,0.019914401229470968,1.0,1.0
5000,200,88,0.04418392200022936,0.7192002784198148,0.8651045590887005
5000,200,89,0.02733201812952757,0.7800345828925757,0.9023105211927989
5000,200,90,0.019491366110742092,1.0,1.0
5000,200,91,0.01782071078196168,1.0,1.0
5000,200,92,0.07135443482547998,0.4104308280413969,0.6874846784374458
5000,200,93,0.017358017154037952,1.0,1.0
5000,200,94,0.05000076815485954,0.5343914283529377,0.7323043726000392
5000,200,95,0.07144934823736548,0.7214865472268026,0.8660917702709274
5000,200,96,0.01933189621195197,0.7822267575404412,0.9052594201943566
5000,200,97,0.0347323059104383,1.0,1.0
5000,200,98,0.04494004091247916,0.7204309441377753,0.8656339389123341
5000,200,99,0.01923319511115551,1.0,1.0
5000,200,100,0.04683294799178839,0.7198597853344202,0.8653876704593237
5000,50,1,0.007725934032350779,1.0,1.0
5000,50,2,0.01985126920044422,0.7192935452785881,0.8651445156421842
5000,50,3,0.016250281129032373,0.7189151679606997,0.8649825787059576
5000,50,4,0.014166643377393484,0.7203522197445107,0.8655999349005924
5000,50,5,0.02102838922291994,0.7190300105126394,0.8650316827345123
5000,50,6,0.005414014216512442,1.0,1.0
5000,50,7,0.01460028812289238,0.7190531350627193,0.86504157509986
5000,50,8,0.0050443122163414955,1.0,1.0
5000,50,9,0.01223311759531498,0.7189403976917852,0.8649933629295312
5000,50,10,0.008886544965207577,0.7225051332644854,0.8665369036605682
5000,50,11,0.008437704294919968,1.0,1.0
5000,50,12,0.014072941150516272,0.7191351176773373,0.8650766592295029
5000,50,13,0.009228387847542763,0.718916482025336,0.8649831403435522
5000,50,14,0.018066403921693563,0.7190531350627193,0.8650415750998599
5000,50,15,0.015695677138864994,0.7201286077203433,0.8655034535732892
5000,50,16,0.004723348189145327,1.0,1.0
5000,50,17,0.018801767844706774,0.7196245048031387,0.8652865168489012
5000,50,18,0.004745099693536758,1.0,1.0
5000,50,19,0.011967623140662909,0.7210880441905055,0.8659185210070942
5000,50,20,0.012327915988862514,0.7196245048031387,0.8652865168489013
5000,50,21,0.004937923979014158,1.0,1.0
5000,50,22,0.015688936226069927,0.40495586058409466,0.6840550961353213
5000,50,23,0.0050028362311422825,1.0,1.0
5000,50,24,0.004865530878305435,1.0,1.0
5000,50,25,0.012473306152969599,0.7199566644619839,0.865429371037401
5000,50,26,0.025033872108906507,0.7195194504812236,0.8652414060065288
5000,50,27,0.020167409908026457,0.7189519610999954,0.8649983062500258
5000,50,28,0.027696657925844193,0.7199238474097546,0.8654152420465129
5000,50,29,0.007568125147372484,1.0,1.0
5000,50,30,0.0123409410007298,0.7205529543566722,0.8656866778581574
5000,50,31,0.0048597101122140884,1.0,1.0
5000,50,32,0.009059507865458727,0.720901320792446,0.8658375155607395
5000,50,33,0.016184695065021515,0.7192360098781906,0.8651198637073779
5000,50,34,0.012948348186910152,0.7192178815816292,0.8651120984481787
5000,50,35,0.005085160955786705,1.0,1.0
5000,50,36,0.005946889985352755,1.0,1.0
5000,50,37,0.005959414876997471,1.0,1.0
5000,50,38,0.018230412155389786,0.719150620023633,0.8650832956938431
5000,50,39,0.011815086007118225,0.7189309366192589,0.8649893186523828
5000,50,40,0.004783567972481251,1.0,1.0
5000,50,41,0.015958219300955534,0.7190089877176459,0.8650226908801243
5000,50,42,0.011094982735812664,0.7193558057840749,0.865171203499484
5000,50,43,0.013041669968515635,1.0,1.0
5000,50,44,0.015188571996986866,0.7189206870202515,0.8649849376139189
5000,50,45,0.01174397673457861,0.7197379507331642,0.8653352691346607
5000,50,46,0.012335753068327904,0.7210880441905055,0.8659185210070943
5000,50,47,0.005426404066383839,1.0,1.0
5000,50,48,0.004653045907616615,1.0,1.0
5000,50,49,0.004692112095654011,1.0,1.0
5000,50,50,0.012578395195305347,0.7189900668139376,0.8650145991920329
5000,50,51,0.0048859501257538795,1.0,1.0
5000,50,52,0.013708162121474743,0.40461715716697255,0.6838510406574899
5000,50,53,0.0050331000238657,1.0,1.0
5000,50,54,0.012066345196217299,0.7189519610999954,0.8649983062500258
5000,50,55,0.011667478829622269,0.7194227904875151,0.8651999295979498
5000,50,56,0.00996179785579443,0.7210880441905055,0.8659185210070943
5000,50,57,0.0054744333028793335,1.0,1.0
5000,50,58,0.005949956364929676,1.0,1.0
5000,50,59,0.012555950786918402,0.7189585311571005,0.8650011151092902
5000,50,60,0.01156612392514944,0.7189183217128466,0.8649839266437006
5000,50,61,0.00483671436086297,1.0,1.0
5000,50,62,0.006636389065533876,1.0,1.0
5000,50,63,0.02236919105052948,0.7195974543994396,0.8652748980367726
5000,50,64,0.018600948620587587,0.5335387428085845,0.731814542786135
5000,50,65,0.00504375621676445,1.0,1.0
5000,50,66,0.004942723084241152,1.0,1.0
5000,50,67,0.01917906478047371,0.7189269944785663,0.8649876336053725
5000,50,68,0.0065207709558308125,1.0,1.0
5000,50,69,0.005184480920433998,1.0,1.0
5000,50,70,0.004733039066195488,1.0,1.0
5000,50,71,0.01955202268436551,0.7189992645214005,0.8650185325354787
5000,50,72,0.004735112655907869,1.0,1.0
5000,50,73,0.004677565768361092,1.0,1.0
5000,50,74,0.005873308051377535,1.0,1.0
5000,50,75,0.007396167144179344,1.0,1.0
5000,50,76,0.005526348948478699,1.0,1.0
5000,50,77,0.005090313032269478,1.0,1.0
5000,50,78,0.0048622558824718,1.0,1.0
5000,50,79,0.013828013092279434,0.718916482025336,0.8649831403435521
5000,50,80,0.004720211960375309,1.0,1.0
5000,50,81,0.023960307706147432,0.36505933497516446,0.6705623354355791
5000,50,82,0.006490427069365978,1.0,1.0
5000,50,83,0.01275661401450634,0.7205529543566722,0.8656866778581572
5000,50,84,0.004880355671048164,1.0,1.0
5000,50,85,0.00937157915905118,0.7189585311571005,0.8650011151092903
5000,50,86,0.021991093643009663,0.7189354043594108,0.8649912284210147
5000,50,87,0.005483111832290888,1.0,1.0
5000,50,88,0.004714607261121273,1.0,1.0
5000,50,89,0.01684683095663786,0.7191666476135885,0.8650901577808058
5000,50,90,0.004886984825134277,1.0,1.0
5000,50,91,0.005097180604934692,1.0,1.0
5000,50,92,0.01834554271772504,0.7190783612180759,0.8650523683555481
5000,50,93,0.0053040338680148125,1.0,1.0
5000,50,94,0.010857399087399244,0.7199238474097546,0.8654152420465129
5000,50,95,0.004770635161548853,1.0,1.0
5000,50,96,0.004595797974616289,1.0,1.0
5000,50,97,0.005100824870169163,1.0,1.0
5000,50,98,0.018588435370475054,0.7189656267689662,0.865004148803014
5000,50,99,0.011350392829626799,0.7194944984130391,0.8652306964372338
5000,50,100,0.005216148681938648,1.0,1.0
