"n_samples","n_features","Replicate","R_Runtime_sec","R_ARI","R_NMI"
1000,50,1,0.0040000000000191,0.719645014968408,0.865616821491846
1000,50,2,0.00300000000004275,0.733863534312048,0.872081970633947
1000,50,3,0.00199999999995271,1,1
1000,50,4,0.01400000000001,0.725753981081756,0.868306719530537
1000,50,5,0.00399999999996226,0.71816943169989,0.864984937613919
1000,50,6,0.00999999999999091,0.775893112675727,0.898603570945409
1000,50,7,0.0040000000000191,0.747312719263882,0.87898068301957
1000,50,8,0.00300000000004275,0.721952701583122,0.866618616409156
1000,50,9,0.00999999999999091,0.718696682992582,0.865209958333391
1000,50,10,0.021000000000015,0.719111692138552,0.865387670459324
1000,50,11,0.0129999999999768,0.747312719263882,0.87898068301957
1000,50,12,0.0029999999999859,0.721065778958861,0.866231596413547
1000,50,13,0.00200000000000955,1,1
1000,50,14,0.00200000000000955,1,1
1000,50,15,0.00600000000002865,0.725315628840466,0.868109554589826
1000,50,16,0.00200000000000955,1,1
1000,50,17,0.00199999999995271,0.780697285607189,0.90381171088242
1000,50,18,0.00900000000001455,0.740843510510008,0.875549906418747
1000,50,19,0.000999999999976353,1,1
1000,50,20,0.0269999999999868,0.748175824785317,0.879456441987555
1000,50,21,0.0120000000000005,0.718189208785996,0.864993362929531
1000,50,22,0.0029999999999859,0.781925343811395,0.905746099275519
1000,50,23,0.00200000000000955,1,1
1000,50,24,0.0120000000000005,1,1
1000,50,25,0.0029999999999859,0.720539812456974,0.866003268010175
1000,50,26,0.0010000000000332,1,1
1000,50,27,0.00600000000002865,0.719849048720646,0.865704720316865
1000,50,28,0.00200000000000955,1,1
1000,50,29,0.000999999999976353,1,1
1000,50,30,0.0029999999999859,0.727146231575876,0.868937407179594
1000,50,31,0.00900000000001455,0.721065778958861,0.866231596413547
1000,50,32,0.0050000000000523,0.724890172040637,0.86791882484755
1000,50,33,0.00599999999997181,0.380502727557478,0.67727631906186
1000,50,34,0.00200000000000955,1,1
1000,50,35,0.0029999999999859,0.718696682992582,0.865209958333391
1000,50,36,0.00799999999998136,0.550821474084646,0.742500773188523
1000,50,37,0.0040000000000191,0.719645014968408,0.865616821491846
1000,50,38,0.0110000000000241,0.781925343811395,0.905746099275519
1000,50,39,0.0029999999999859,1,1
1000,50,40,0.0129999999999768,0.721644013093501,0.866483629915252
1000,50,41,0.0100000000000477,1,1
1000,50,42,0.00200000000000955,1,1
1000,50,43,0.00399999999996226,0.718400139336373,0.865083295693843
1000,50,44,0.0040000000000191,0.722274421207099,0.866759629166906
1000,50,45,0.00300000000004275,0.613252336772605,0.790008896705297
1000,50,46,0.0250000000000341,0.720066198848886,0.86579841182245
1000,50,47,0.00600000000002865,0.724078012768119,0.867556455919476
1000,50,48,0.007000000000005,0.725315628840466,0.868109554589826
1000,50,49,0.0029999999999859,0.719849048720646,0.865704720316865
1000,50,50,0.0029999999999859,0.781925343811395,0.905746099275519
1000,50,51,0.00200000000000955,1,1
1000,50,52,0.00399999999996226,0.720296456541198,0.865897919395016
1000,50,53,0.007000000000005,0.367689148652792,0.672000224132246
1000,50,54,0.00200000000000955,1,1
1000,50,55,0.0029999999999859,0.718696682992582,0.865209958333391
1000,50,56,0.00499999999999545,0.721644013093501,0.866483629915252
1000,50,57,0.00199999999995271,0.778273497827805,0.90097523932431
1000,50,58,0.00200000000000955,1,1
1000,50,59,0.0129999999999768,1,1
1000,50,60,0.00200000000000955,1,1
1000,50,61,0.00499999999999545,0.720796256727883,0.866114484265131
1000,50,62,0.00200000000000955,1,1
1000,50,63,0.00200000000000955,1,1
1000,50,64,0.00300000000004275,0.404728044879182,0.68450282118317
1000,50,65,0.0040000000000191,0.730276370330904,0.870381074622222
1000,50,66,0.00499999999999545,0.719645014968408,0.865616821491846
1000,50,67,0.00499999999999545,0.720296456541198,0.865897919395016
1000,50,68,0.0180000000000291,0.718821863149719,0.865263506699057
1000,50,69,0.00199999999995271,0.774719306575996,0.897523798106019
1000,50,70,0.00200000000000955,1,1
1000,50,71,0.0169999999999959,0.719849048720646,0.865704720316865
1000,50,72,0.00200000000000955,0.727146231575876,0.868937407179594
1000,50,73,0.00200000000000955,0.781925343811395,0.905746099275519
1000,50,74,0.00200000000000955,1,1
1000,50,75,0.00300000000004275,1,1
1000,50,76,0.007000000000005,0.389954789841804,0.681484607041523
1000,50,77,0.0040000000000191,0.719849048720646,0.865704720316865
1000,50,78,0.00200000000000955,1,1
1000,50,79,0.00300000000004275,0.724890172040637,0.86791882484755
1000,50,80,0.00200000000000955,0.778273497827805,0.90097523932431
1000,50,81,0.00200000000000955,0.721065778958861,0.866231596413547
1000,50,82,0.00200000000000955,1,1
1000,50,83,0.0029999999999859,1,1
1000,50,84,0.0120000000000005,1,1
1000,50,85,0.0129999999999768,0.718327637122678,0.865052368355548
1000,50,86,0.00200000000000955,0.781925343811395,0.905746099275519
1000,50,87,0.00200000000000955,1,1
1000,50,88,0.00399999999996226,0.720539812456974,0.866003268010175
1000,50,89,0.0109999999999673,1,1
1000,50,90,0.007000000000005,0.362306532319839,0.669943592927238
1000,50,91,0.0050000000000523,0.404242141182241,0.684223217440188
1000,50,92,0.00499999999999545,0.719645014968408,0.865616821491846
1000,50,93,0.00999999999999091,1,1
1000,50,94,0.00600000000002865,0.534268587445806,0.732817007863525
1000,50,95,0.0029999999999859,0.718400139336373,0.865083295693843
1000,50,96,0.00399999999996226,0.548344221537257,0.744772950505134
1000,50,97,0.0129999999999768,0.540622563757518,0.736877778117751
1000,50,98,0.00599999999997181,0.718327637122678,0.865052368355548
1000,50,99,0.00199999999995271,1,1
1000,50,100,0.00499999999999545,0.720066198848886,0.86579841182245
5000,50,1,0.0480000000000018,0.719570928516078,0.865263506699057
5000,50,2,0.0500000000000114,0.718914379521066,0.864982241725548
5000,50,3,0.05499999999995,0.718914379521066,0.864982241725548
5000,50,4,0.0360000000000014,0.71947007103181,0.86522021391338
5000,50,5,0.24799999999999,0.719236009878191,0.865119863707378
5000,50,6,0.00999999999999091,1,1
5000,50,7,0.0430000000000064,0.71954492719598,0.865252342725102
5000,50,8,0.0129999999999768,1,1
5000,50,9,0.0110000000000241,1,1
5000,50,10,0.0550000000000068,0.718935404359411,0.864991228421015
5000,50,11,0.0269999999999868,0.719065485449633,0.865046859091342
5000,50,12,0.11099999999999,0.533233955405556,0.731635536285125
5000,50,13,0.0629999999999882,1,1
5000,50,14,0.0419999999999732,0.365192381367913,0.670612206095074
5000,50,15,0.00999999999999091,1,1
5000,50,16,0.0169999999999959,1,1
5000,50,17,0.049000000000035,0.719120140599805,0.865070248324002
5000,50,18,0.0269999999999868,1,1
5000,50,19,0.00899999999995771,0.782472477263827,0.905746099275519
5000,50,20,0.0120000000000005,1,1
5000,50,21,0.0109999999999673,1,1
5000,50,22,0.0339999999999918,0.718916482025336,0.864983140343552
5000,50,23,0.035000000000025,0.719120140599805,0.865070248324002
5000,50,24,0.00999999999999091,1,1
5000,50,25,0.0509999999999877,0.719008987717646,0.865022690880124
5000,50,26,0.0550000000000068,0.719135117677337,0.865076659229503
5000,50,27,0.00999999999999091,1,1
5000,50,28,0.0169999999999959,1,1
5000,50,29,0.0109999999999673,1,1
5000,50,30,0.0149999999999864,1,1
5000,50,31,0.0080000000000382,1,1
5000,50,32,0.00900000000001455,1,1
5000,50,33,0.049000000000035,0.719030010512639,0.865031682734512
5000,50,34,0.0550000000000068,0.719399937400976,0.86519012760999
5000,50,35,0.00900000000001455,0.782472477263827,0.905746099275519
5000,50,36,0.0110000000000241,1,1
5000,50,37,0.0130000000000337,0.782472477263827,0.905746099275519
5000,50,38,0.0110000000000241,1,1
5000,50,39,0.0810000000000173,0.404573993679879,0.683825738379123
5000,50,40,0.0690000000000168,0.720201051047061,0.865534693520156
5000,50,41,0.0760000000000218,0.718930936619259,0.864989318652383
5000,50,42,0.0529999999999973,0.363726767506489,0.670058489069951
5000,50,43,0.0459999999999923,0.718965626768966,0.865004148803014
5000,50,44,0.0640000000000214,0.404740333787376,0.683927631020819
5000,50,45,0.0110000000000241,1,1
5000,50,46,0.0579999999999927,0.719313773812123,0.865153185270217
5000,50,47,0.0199999999999818,1,1
5000,50,48,0.077000000000055,0.71918320042125,0.865097245556367
5000,50,49,0.105000000000018,0.719956664461984,0.865429371037401
5000,50,50,0.0169999999999959,1,1
5000,50,51,0.01400000000001,1,1
5000,50,52,0.00899999999995771,0.782472477263827,0.905746099275519
5000,50,53,0.0590000000000259,0.718923577943719,0.864986173263872
5000,50,54,0.0380000000000109,0.720552954356672,0.865686677858157
5000,50,55,0.00999999999999091,1,1
5000,50,56,0.0559999999999832,0.363634523373394,0.670023778271518
5000,50,57,0.00900000000001455,0.782472477263827,0.905746099275519
5000,50,58,0.0180000000000291,1,1
5000,50,59,0.0399999999999636,0.404544893769856,0.683807729514665
5000,50,60,0.0600000000000023,0.719652079683403,0.865298363248381
5000,50,61,0.0520000000000209,0.720164567582188,0.865518958615527
5000,50,62,0.0240000000000009,1,1
5000,50,63,0.00999999999999091,1,1
5000,50,64,0.0310000000000059,0.720430944137775,0.865633938912334
5000,50,65,0.0159999999999627,1,1
5000,50,66,0.01400000000001,1,1
5000,50,67,0.241999999999962,0.782472477263827,0.905746099275519
5000,50,68,0.0450000000000159,0.719767623065033,0.865348027058772
5000,50,69,0.0329999999999586,0.718916482025336,0.864983140343552
5000,50,70,0.0489999999999782,0.719065485449633,0.865046859091342
5000,50,71,0.0430000000000064,0.719053135062719,0.86504157509986
5000,50,72,0.0110000000000241,0.782472477263827,0.905746099275519
5000,50,73,0.0500000000000114,0.7189151679607,0.864982578705958
5000,50,74,0.0449999999999591,0.71910568881529,0.865064062915749
5000,50,75,0.0380000000000109,0.719570928516078,0.865263506699057
5000,50,76,0.04200000000003,0.719019236386925,0.865027074265803
5000,50,77,0.0449999999999591,0.719030010512639,0.865031682734512
5000,50,78,0.0400000000000205,0.719708802694305,0.865322739272591
5000,50,79,0.0799999999999841,0.532177176450789,0.7288855515613
5000,50,80,0.00899999999995771,1,1
5000,50,81,0.0470000000000255,0.719399937400976,0.86519012760999
5000,50,82,0.0710000000000264,0.719624504803139,0.865286516848901
5000,50,83,0.0269999999999868,0.719570928516078,0.865263506699057
5000,50,84,0.0149999999999864,1,1
5000,50,85,0.0110000000000241,1,1
5000,50,86,0.0349999999999682,0.718935404359411,0.864991228421015
5000,50,87,0.0369999999999777,0.404954648512285,0.684062387452523
5000,50,88,0.0329999999999586,0.718930936619259,0.864989318652383
5000,50,89,0.04200000000003,0.719570928516078,0.865263506699057
5000,50,90,0.0289999999999964,0.719065485449633,0.865046859091342
5000,50,91,0.0409999999999968,0.718951961099995,0.864998306250026
5000,50,92,0.0219999999999914,0.720352219744511,0.865599934900592
5000,50,93,0.0419999999999732,0.721040579983927,0.865897919395016
5000,50,94,0.0110000000000241,1,1
5000,50,95,0.0450000000000159,0.7189151679607,0.864982578705958
5000,50,96,0.0109999999999673,1,1
5000,50,97,0.0409999999999968,0.718965626768966,0.865004148803014
5000,50,98,0.0310000000000059,0.719652079683403,0.865298363248381
5000,50,99,0.0480000000000018,0.718930936619259,0.864989318652383
5000,50,100,0.0629999999999882,0.719078361218076,0.865052368355548
5000,100,1,0.0240000000000009,1,1
5000,100,2,0.0600000000000023,0.721283121348102,0.866003268010175
5000,100,3,0.0259999999999536,1,1
5000,100,4,0.0679999999999836,0.719737950733164,0.865335269134661
5000,100,5,0.0339999999999918,1,1
5000,100,6,0.131000000000029,0.719293545278588,0.865144515642184
5000,100,7,0.0269999999999868,1,1
5000,100,8,0.0299999999999727,0.78173660244149,0.904490168629898
5000,100,9,0.0260000000000105,1,1
5000,100,10,0.0260000000000105,0.782472477263827,0.905746099275519
5000,100,11,0.0229999999999677,1,1
5000,100,12,0.021000000000015,1,1
5000,100,13,0.0190000000000055,0.782472477263827,0.905746099275519
5000,100,14,0.0919999999999845,0.718914116707713,0.864982129399103
5000,100,15,0.0269999999999868,0.781981465813163,0.904858520199049
5000,100,16,0.100000000000023,0.718930936619259,0.864989318652383
5000,100,17,0.0910000000000082,0.71954492719598,0.865252342725102
5000,100,18,0.0299999999999727,0.782472477263827,0.905746099275519
5000,100,19,0.0330000000000155,1,1
5000,100,20,0.0180000000000291,1,1
5000,100,21,0.0219999999999914,1,1
5000,100,22,0.0760000000000218,0.404892103843143,0.684024624236694
5000,100,23,0.0180000000000291,0.782472477263827,0.905746099275519
5000,100,24,0.021000000000015,1,1
5000,100,25,0.122000000000014,0.719652079683403,0.865298363248381
5000,100,26,0.0749999999999886,0.405043853525428,0.684109634460629
5000,100,27,0.175999999999988,0.720201051047061,0.865534693520156
5000,100,28,0.0219999999999914,0.782226757540441,0.905259420194357
5000,100,29,0.103000000000009,0.72397872465795,0.867186848282109
5000,100,30,0.0539999999999736,1,1
5000,100,31,0.0650000000000546,0.720636909488514,0.865722994477807
5000,100,32,0.0269999999999868,1,1
5000,100,33,0.0269999999999868,1,1
5000,100,34,0.156000000000006,0.71910568881529,0.865064062915749
5000,100,35,0.0550000000000068,0.720594670468658,0.865704720316865
5000,100,36,0.0230000000000246,0.78173660244149,0.904490168629898
5000,100,37,0.105000000000018,0.721233569165626,0.865981729750694
5000,100,38,0.05600000000004,0.722505133264485,0.866536903660568
5000,100,39,0.164999999999964,0.719652079683403,0.865298363248381
5000,100,40,0.0220000000000482,1,1
5000,100,41,0.0299999999999727,1,1
5000,100,42,0.213000000000022,1,1
5000,100,43,0.0939999999999941,0.718973247924099,0.865007407360227
5000,100,44,0.128999999999962,0.536703119567253,0.733914803127236
5000,100,45,0.113999999999976,0.718999264521401,0.865018532535479
5000,100,46,0.0270000000000437,1,1
5000,100,47,0.113,0.720164567582188,0.865518958615527
5000,100,48,0.0190000000000055,1,1
5000,100,49,0.115000000000009,0.72072295597802,0.865760238637082
5000,100,50,0.0229999999999677,1,1
5000,100,51,0.15100000000001,0.721752561942102,0.866207700899611
5000,100,52,0.0659999999999741,0.720164567582188,0.865518958615527
5000,100,53,0.175999999999988,0.405120447864846,0.684150784876877
5000,100,54,0.0729999999999791,0.719797819641906,0.865361013169362
5000,100,55,0.0790000000000077,0.71985978533442,0.865387670459324
5000,100,56,0.115999999999985,0.720993637965,0.865877551419453
5000,100,57,0.06899999999996,0.404573023694945,0.683825007605339
5000,100,58,0.035000000000025,1,1
5000,100,59,0.0190000000000055,1,1
5000,100,60,0.0229999999999677,1,1
5000,100,61,0.109000000000037,0.718914379521066,0.864982241725548
5000,100,62,0.11099999999999,0.718965626768966,0.865004148803014
5000,100,63,0.213000000000022,0.719446168377073,0.865209958333391
5000,100,64,0.0819999999999936,0.721088044190506,0.865918521007094
5000,100,65,0.118000000000052,0.405282345400207,0.684254141202009
5000,100,66,0.0200000000000387,1,1
5000,100,67,0.0319999999999823,1,1
5000,100,68,0.0999999999999659,0.719652079683403,0.865298363248381
5000,100,69,0.0730000000000359,0.719652079683403,0.865298363248381
5000,100,70,0.0299999999999727,1,1
5000,100,71,0.0149999999999864,1,1
5000,100,72,0.138000000000034,0.72076676330866,0.865779209007027
5000,100,73,0.130999999999972,0.719135117677337,0.865076659229503
5000,100,74,0.0919999999999845,0.719008987717646,0.865022690880124
5000,100,75,0.0370000000000346,0.782472477263827,0.905746099275519
5000,100,76,0.0230000000000246,0.782472477263827,0.905746099275519
5000,100,77,0.0749999999999886,0.719422790487515,0.86519992959795
5000,100,78,0.0879999999999654,0.723210548723166,0.86684714480512
5000,100,79,0.115000000000009,0.721233569165626,0.865981729750694
5000,100,80,0.100000000000023,0.719891554349823,0.865401341899184
5000,100,81,0.0329999999999586,1,1
5000,100,82,0.263000000000034,0.718916482025336,0.864983140343552
5000,100,83,0.0240000000000009,0.78173660244149,0.904490168629898
5000,100,84,0.0980000000000132,0.719956664461984,0.865429371037401
5000,100,85,0.134999999999991,0.719091762347196,0.865058102945338
5000,100,86,0.0229999999999677,0.782472477263827,0.905746099275519
5000,100,87,0.104999999999961,0.719041310077338,0.86503651633042
5000,100,88,0.0869999999999891,0.719236009878191,0.865119863707378
5000,100,89,0.0670000000000073,0.720201051047061,0.865534693520156
5000,100,90,0.0230000000000246,1,1
5000,100,91,0.021000000000015,1,1
5000,100,92,0.128000000000043,0.71918320042125,0.865097245556367
5000,100,93,0.0230000000000246,1,1
5000,100,94,0.0200000000000387,1,1
5000,100,95,0.0330000000000155,0.782226757540441,0.905259420194357
5000,100,96,0.0289999999999964,1,1
5000,100,97,0.143000000000029,0.719494498413039,0.865230696437234
5000,100,98,0.126000000000033,0.718916482025336,0.864983140343552
5000,100,99,0.0190000000000055,0.782472477263827,0.905746099275519
5000,100,100,0.115000000000009,0.720164567582188,0.865518958615527
5000,200,1,0.153999999999996,0.718951961099995,0.864998306250026
5000,200,2,0.220999999999947,0.369330710939129,0.672207347535676
5000,200,3,0.234000000000037,1,1
5000,200,4,0.255000000000052,0.718973247924099,0.865007407360227
5000,200,5,0.218999999999994,0.722031602583433,0.866329551242426
5000,200,6,0.331000000000017,0.727580794212131,0.868806516679665
5000,200,7,0.0729999999999791,1,1
5000,200,8,0.0579999999999927,1,1
5000,200,9,0.127999999999986,0.718916482025336,0.864983140343552
5000,200,10,0.0409999999999968,1,1
5000,200,11,0.117999999999995,0.71959745439944,0.865274898036773
5000,200,12,0.0679999999999836,1,1
5000,200,13,0.0620000000000118,0.782472477263827,0.905746099275519
5000,200,14,0.251999999999953,0.431981222068052,0.707696708237487
5000,200,15,0.162000000000035,0.71918320042125,0.865097245556367
5000,200,16,0.0400000000000205,0.782472477263827,0.905746099275519
5000,200,17,0.125,0.724199100133108,0.867284664928624
5000,200,18,0.0480000000000018,1,1
5000,200,19,0.29000000000002,0.427743492751085,0.705758383038708
5000,200,20,0.0640000000000214,1,1
5000,200,21,0.118999999999971,0.729474445857278,0.869676457066954
5000,200,22,0.170999999999992,0.72327779165083,0.866876803186811
5000,200,23,0.0609999999999786,0.782472477263827,0.905746099275519
5000,200,24,0.295999999999992,0.722444121520613,0.866510146833028
5000,200,25,0.252999999999986,0.720901320792446,0.865837515560739
5000,200,26,0.0480000000000018,0.782472477263827,0.905746099275519
5000,200,27,0.0550000000000068,0.782472477263827,0.905746099275519
5000,200,28,0.137,0.71959745439944,0.865274898036773
5000,200,29,0.0559999999999832,0.782472477263827,0.905746099275519
5000,200,30,0.0509999999999877,1,1
5000,200,31,0.177999999999997,0.724424129505936,0.867384715150544
5000,200,32,0.350999999999999,0.721918423924044,0.866280098773526
5000,200,33,0.251000000000033,0.406390768788307,0.68488743008407
5000,200,34,0.16700000000003,0.719422790487515,0.86519992959795
5000,200,35,0.146000000000015,0.720811093269154,0.86579841182245
5000,200,36,0.0559999999999832,1,1
5000,200,37,0.129999999999995,0.719236009878191,0.865119863707378
5000,200,38,0.137,0.135535567133316,0.419328165363684
5000,200,39,0.189999999999998,0.720164567582188,0.865518958615527
5000,200,40,0.0550000000000068,0.782472477263827,0.905746099275519
5000,200,41,0.0409999999999968,0.782472477263827,0.905746099275519
5000,200,42,0.217000000000041,1,1
5000,200,43,0.192000000000007,0.722205274754898,0.866405515871771
5000,200,44,0.190999999999974,0.719570928516078,0.865263506699057
5000,200,45,0.283999999999992,0.723077619044785,0.866788558106196
5000,200,46,0.0520000000000209,1,1
5000,200,47,0.049000000000035,0.782472477263827,0.905746099275519
5000,200,48,0.0400000000000205,1,1
5000,200,49,0.0550000000000068,1,1
5000,200,50,0.156000000000006,0.721486547226803,0.866091770270927
5000,200,51,0.192000000000007,0.722205274754898,0.866405515871771
5000,200,52,0.0389999999999873,1,1
5000,200,53,0.198000000000036,0.141302076180548,0.423605768502466
5000,200,54,0.0389999999999873,1,1
5000,200,55,0.0469999999999686,1,1
5000,200,56,0.0550000000000068,0.782472477263827,0.905746099275519
5000,200,57,0.0400000000000205,1,1
5000,200,58,0.0450000000000159,1,1
5000,200,59,0.189999999999998,0.720811093269154,0.86579841182245
5000,200,60,0.19500000000005,0.719019236386925,0.865027074265803
5000,200,61,0.182999999999993,0.41461414382516,0.691104199450703
5000,200,62,0.0489999999999782,1,1
5000,200,63,0.170000000000016,0.720901320792446,0.865837515560739
5000,200,64,0.326999999999998,0.718914379521066,0.864982241725548
5000,200,65,0.0480000000000018,0.782472477263827,0.905746099275519
5000,200,66,0.253000000000043,0.719053135062719,0.86504157509986
5000,200,67,0.16700000000003,0.409529913569993,0.686969992901759
5000,200,68,0.107000000000028,0.720901320792446,0.865837515560739
5000,200,69,0.0449999999999591,1,1
5000,200,70,0.0380000000000109,1,1
5000,200,71,0.170000000000016,0.719120140599805,0.865070248324002
5000,200,72,0.0470000000000255,1,1
5000,200,73,0.338999999999999,0.719200278419815,0.865104559088701
5000,200,74,0.165999999999997,0.535872214322919,0.733277712071027
5000,200,75,0.0489999999999782,1,1
5000,200,76,0.0380000000000109,1,1
5000,200,77,0.125,0.718926994478566,0.864987633605372
5000,200,78,0.211000000000013,0.724199100133108,0.867284664928624
5000,200,79,0.13900000000001,0.726568827284955,0.868346929701016
5000,200,80,0.22199999999998,0.534821224239873,0.732543270390278
5000,200,81,0.0439999999999827,1,1
5000,200,82,0.0380000000000109,1,1
5000,200,83,0.168000000000006,0.71954492719598,0.865252342725102
5000,200,84,0.0499999999999545,0.782472477263827,0.905746099275519
5000,200,85,0.228000000000009,0.719200278419815,0.865104559088701
5000,200,86,0.0399999999999636,1,1
5000,200,87,0.170999999999992,0.722031602583433,0.866329551242426
5000,200,88,0.144999999999982,0.724051665851816,0.867219206252903
5000,200,89,0.178999999999974,0.7189151679607,0.864982578705958
5000,200,90,0.209000000000003,0.725702748052238,0.867956458624705
5000,200,91,0.0459999999999923,1,1
5000,200,92,0.0500000000000114,0.782472477263827,0.905746099275519
5000,200,93,0.0480000000000018,1,1
5000,200,94,0.0459999999999923,1,1
5000,200,95,0.0540000000000305,0.782472477263827,0.905746099275519
5000,200,96,0.16900000000004,0.728355668945651,0.869160907916713
5000,200,97,0.268000000000029,0.718914116707713,0.864982129399103
5000,200,98,0.0579999999999927,1,1
5000,200,99,0.230000000000018,0.721283121348102,0.866003268010175
5000,200,100,0.16500000000002,0.718920687020251,0.864984937613919
10000,50,1,0.0260000000000105,1,1
10000,50,2,0.0149999999999864,1,1
10000,50,3,0.182000000000016,0.719014228174894,0.864984937613919
10000,50,4,0.0259999999999536,1,1
10000,50,5,0.0190000000000055,1,1
10000,50,6,0.0219999999999914,1,1
10000,50,7,0.302000000000021,0.533224998646845,0.731556512951932
10000,50,8,0.213000000000022,0.719039447184626,0.864995722198346
10000,50,9,0.0330000000000155,1,1
10000,50,10,0.0190000000000055,1,1
10000,50,11,0.189999999999998,0.404657533574369,0.683800312680118
10000,50,12,0.0229999999999677,1,1
10000,50,13,0.0520000000000209,1,1
10000,50,14,0.254000000000019,0.719083578879832,0.865014599192033
10000,50,15,0.156000000000006,0.404694987422989,0.683823393233072
10000,50,16,0.175000000000011,0.719036623213412,0.864994514467542
10000,50,17,0.0999999999999659,0.719008251699237,0.864982382133856
10000,50,18,0.105000000000018,0.719213598137866,0.865070248324002
10000,50,19,0.173000000000002,0.719062892396784,0.865005749971786
10000,50,20,0.100000000000023,0.719396974571708,0.865148822174509
10000,50,21,0.204000000000008,0.404695714669907,0.683823451484847
10000,50,22,0.242999999999995,0.719028939343292,0.864991228421015
10000,50,23,0.111000000000047,0.719020532988569,0.864987633605372
10000,50,24,0.0260000000000105,1,1
10000,50,25,0.0289999999999964,1,1
10000,50,26,0.153999999999996,0.719860809328871,0.865348027058772
10000,50,27,0.173000000000002,0.71900792332039,0.864982241725548
10000,50,28,0.0930000000000177,0.71901186385924,0.864983926643701
10000,50,29,0.113,0.719129087595379,0.865034071388721
10000,50,30,0.0200000000000387,1,1
10000,50,31,0.0220000000000482,1,1
10000,50,32,0.0179999999999723,0.782540614601683,0.905746099275519
10000,50,33,0.143000000000029,0.53370615529356,0.731850405185907
10000,50,34,0.11099999999999,0.719107548381889,0.86502485444026
10000,50,35,0.126000000000033,0.719007660617233,0.864982129399103
10000,50,36,0.145000000000039,0.719066767041349,0.865007407360227
10000,50,37,0.15100000000001,0.71912350583275,0.865031682734512
10000,50,38,0.113,0.719140645025675,0.865039017565467
10000,50,39,0.123999999999967,0.719152727647012,0.865044188939729
10000,50,40,0.0259999999999536,0.782540614601683,0.905746099275519
10000,50,41,0.150000000000034,0.404796398282837,0.682925101527392
10000,50,42,0.0480000000000018,0.782540614601683,0.905746099275519
10000,50,43,0.100999999999999,0.719516121192943,0.86519992959795
10000,50,44,0.177999999999997,0.719008251699237,0.864982382133856
10000,50,45,0.16500000000002,0.719007726293029,0.864982157480697
10000,50,46,0.173000000000002,0.719244064786014,0.865083295693843
10000,50,47,0.198000000000036,0.533280825742593,0.731589700320163
10000,50,48,0.0970000000000368,0.719055537096886,0.865002603850081
10000,50,49,0.137,0.71901186385924,0.864983926643701
10000,50,50,0.0369999999999777,1,1
10000,50,51,0.0309999999999491,1,1
10000,50,52,0.225999999999999,0.719677389007039,0.865269173940582
10000,50,53,0.0149999999999864,1,1
10000,50,54,0.0299999999999727,1,1
10000,50,55,0.0180000000000291,1,1
10000,50,56,0.0600000000000023,1,1
10000,50,57,0.0219999999999914,1,1
10000,50,58,0.0690000000000168,0.719152727647012,0.865044188939729
10000,50,59,0.0299999999999727,1,1
10000,50,60,0.137,0.719276631527945,0.865097245556367
10000,50,61,0.0219999999999914,1,1
10000,50,62,0.238,0.719146620688666,0.86504157509986
10000,50,63,0.132000000000005,0.71901186385924,0.864983926643701
10000,50,64,0.0910000000000082,0.719039447184626,0.864995722198346
10000,50,65,0.124000000000024,0.719010024943095,0.864983140343552
10000,50,66,0.0189999999999486,1,1
10000,50,67,0.138000000000034,0.719052056444529,0.86500111510929
10000,50,68,0.158000000000015,0.719268292969967,0.865093673453302
10000,50,69,0.0250000000000341,1,1
10000,50,70,0.123999999999967,0.719028939343292,0.864991228421015
10000,50,71,0.0229999999999677,1,1
10000,50,72,0.141999999999996,0.719146620688666,0.86504157509986
10000,50,73,0.147999999999968,0.719009302510802,0.864982831442321
10000,50,74,0.021000000000015,1,1
10000,50,75,0.0389999999999873,0.782540614601683,0.905746099275519
10000,50,76,0.0230000000000246,1,1
10000,50,77,0.123000000000047,0.719165335439835,0.865049585561102
10000,50,78,0.142999999999972,0.719048707125795,0.864999682577081
10000,50,79,0.0209999999999582,1,1
10000,50,80,0.0269999999999868,1,1
10000,50,81,0.0319999999999823,1,1
10000,50,82,0.144999999999982,0.719008251699237,0.864982382133856
10000,50,83,0.225999999999999,0.719014228174894,0.864984937613919
10000,50,84,0.296000000000049,0.719010878726023,0.864983505410388
10000,50,85,0.0179999999999723,1,1
10000,50,86,0.15300000000002,0.533228199820765,0.731558507027577
10000,50,87,0.0250000000000341,1,1
10000,50,88,0.021000000000015,1,1
10000,50,89,0.159999999999968,0.404768618799776,0.683866976834207
10000,50,90,0.15500000000003,0.719070773013583,0.865009120972304
10000,50,91,0.0190000000000055,1,1
10000,50,92,0.0319999999999823,1,1
10000,50,93,0.129999999999995,0.719112736223826,0.865027074265803
10000,50,94,0.09699999999998,0.719074910311867,0.865010890812118
10000,50,95,0.174999999999955,0.719260085658114,0.865090157780806
10000,50,96,0.0189999999999486,0.782540614601683,0.905746099275519
10000,50,97,0.0199999999999818,0.782417747996578,0.905481356090395
10000,50,98,0.0259999999999536,1,1
10000,50,99,0.0219999999999914,1,1
10000,50,100,0.0179999999999723,1,1
